algo_id,run_id,status,objective,items,aisles,exec_time
aisle_first,3,feasible,181.0909090909091,1992,11,0.816
aisle_first,2,feasible,181.0909090909091,1992,11,0.887
aisle_first,1,feasible,181.0909090909091,1992,11,0.688
aisle_first,5,feasible,181.0909090909091,1992,11,0.691
aisle_first,4,feasible,181.0909090909091,1992,11,1.208
