algo_id,run_id,status,objective,items,aisles,exec_time
ils_600,5,feasible,16.902912621359224,1741,103,301.348
ils_600,2,feasible,16.932038834951456,1744,103,301.44
ils_600,1,feasible,16.948453608247423,1644,97,301.53
ils_600,3,feasible,16.87378640776699,1738,103,301.609
ils_600,4,feasible,16.87378640776699,1738,103,301.792
