algo_id,run_id,status,objective,items,aisles,exec_time
ils_600,2,feasible,4.416666666666667,53,12,300.149
ils_600,1,feasible,4.0,52,13,300.174
ils_600,3,feasible,4.416666666666667,53,12,300.256
ils_600,4,feasible,4.416666666666667,53,12,300.416
ils_600,5,feasible,4.416666666666667,53,12,300.582
