{"selected_orders":[55,58,75,16,74,80,42,8,79,5,24,28,30,69,63,59,76,36,64,27,67,78,62,11,72,60,37,81,66],"visited_aisles":[16,70,43,102,61,0,51,91,72,86,92,80,39,29,66,17,100,99,32,83,79,60,47,5,44,78,97,52,58,2,63,67,21,93,106,108,87,111,48,62,105,110,65,84],"exec_time":0.00217059,"objective":2.40909}
