{"selected_orders":[21,180,257,393,414,240,263,193,108,308,307,161,228,292,119,144,370,261,388,65,208,143,221,167,83,54,172,230,382,5,124,192,279,311,166,299,23,132,201,399,149,242,170,38,238,210,90,88,15,340,273,44,286,385,226,395,318,111,11,306,7,92,122,222,361,164,325,48,130,140,31,61,278,120,258,315,300,198,150,27,383,177,339,73,85,55,324,310,289,237,56,4,34,80,413,102,203,76,329,223,165,326,319,244,41,12,371,194,394,62,189,243,255,0,381,265,269,235,293,253,45,407,346,153,93,227,260,249,60,396,69,17,64,158,49,169,332,52,106,126,415,176,46,416,241,231,367,277,182,30,115,63,247,105,327,359,379,50,333,43,6,386,356,391,186,252,337,320,281,354,330,104,204,234,8],"visited_aisles":[48,71,32,1,19,5,18,43,73,24,44,11,62,6,14,40,45,55,63,79,25,82,80,28,2,64,13,75,20,72,35,51,70,34,21,58,60,42,54,39,26,41,17,49,56,61,68,52,38,77,57,12,69,78],"exec_time":0.00416,"objective":3.24074}
