{"selected_orders":[21,59,100,121,75,81,97,13,108,20,1,89,70,42,119,116,128,95,37,65,51,79,101,118,83,54,94,91,32,5,124,35,82,47,22,127,23,132,53,126,30,123,28,125],"visited_aisles":[101,144,31,252,104,181,230,227,331,215,297,299,124,205,202,198,290,81,190,35,41,151,283,206,269,102,225,69,237,241,296,23,323,329,138,327,271,263,255,253,94,238,145,82,54,42,40,127,286,234,161,179,130,29,49,43,239,307,321,218,251,107,36,38,90,275,270,337,304,207,174,224,211],"exec_time":0.00683293,"objective":2.42466}
