{"selected_orders":[10,87,121,110,64,38,68,37,91,27,115,16,51,63,101,72,82,105,32,25,69,11,117,93,124,125,28,118,43,18,80,29,97,96,1,100,26,4,8,79,84,34,55,132,6,77,73,15,42,81,108,70,39,114,92],"visited_aisles":[31,218,142,102,101,181,182,291,60,331,144,143,104,145,188,62,317,337,297,107,282,277,41,252,164,217,210,204,86,97,98,237,53,49,130,123,330,2,286,30,0,302,201,199,15,180,138,137,55,132,228,234,124,171,170,166,321,335,334,219,245,206,307,308,314,80,14,119,11,66,225,38,269,287,112,109,89,115,127,194,133],"exec_time":0.00924502,"objective":2.18519}
