{"selected_orders":[35,92,50,53,112,66,120,15,24,98,44,21,119,101,65,47,91,17,37,75,89,83,115,118,121,9,3,64,41,27,114,69,31,12,84,26,68,55,43,36,111,107,58,56,63,46,103,1,129,81,116],"visited_aisles":[181,31,252,318,143,101,317,331,60,19,41,21,250,63,124,145,190,198,218,299,277,335,3,326,69,84,290,47,119,137,138,237,193,215,91,160,159,253,286,269,123,132,0,45,40,238,261,164,170,30,200,210,42,307,305,53,52,68,300,2,337,187,174,289,234,225,5,115,38,64,50,100,112,51,304,127,211,131,226],"exec_time":0.0102971,"objective":2.22785}
