{"selected_orders":[22,57,21,60,25,4,12,7,48,23,49,50,55,43,32,20,16,41,38],"visited_aisles":[71,97,58,81,31,39,90,72,87,82,25,68,112,88,91,10,3,66,16,70,38],"exec_time":0.00175548,"objective":3.19048}
