{"selected_orders":[13,18,35,65,71,72,55,22,34,33,53,78],"visited_aisles":[16,61,35,43,46,48,90,117,0,70,91,58,66,74,78,6,60,75,82,83,102],"exec_time":0.00338208,"objective":5.04762}
