{"selected_orders":[40,28,23,4,3,15,8,5,55,44,12,33,51,25,54,16,31,42,47,19,26,11,10],"visited_aisles":[43,97,15,112,91,88,72,110,63,82,64,80,89,69,87,17,1,54,32,83,27,45,92],"exec_time":0.00118783,"objective":2.95652}
