{"selected_orders":[48,85,22,89,61,66,123,101,7,29,70,104,28,75,44,126,24,122,103],"visited_aisles":[2,3,8,9,19,23,26,31,49,82,90,92,98,101,102,104,131,132,143,145,160,162,168,181,198,200,206,207,208,224,230,237,239,240,250,271,277,283,286,290,296,297,301,309,310,323,331],"exec_time":0.0133884,"objective":3.76596}
