{"selected_orders":[351,188,1,44,302,33,115,153,341,186,257,281,137,343,2,136,174,95,36,205,69,267,29,369,28,52,34,409,41,374,144,17,213,352,278,235,54,403,112,388,82,387,141,364,328,150,336,266,35,232,56,367,280,168,90,185,109,283,78,386,366,100,177,298,208,416,92,138,155,15,400,30,53,234,214,282,288,306,127,344,75,227,269,217,349,0,27,333,161,42,273,289,126,261,330,335,243,223,157,46,156,337,72,297,345,57,178,365,87,183,315,58,20,23,32,392,10,43,129,4,196,12,285,63,149,393,25,326,377,151,219,414,372,391,312,359,231,264,411,222,170,133,259,67,371,130,175,59,77,253,16,158,262,111,83,378,172,394,256,86,250,218,358,311,187,402,164,325,91,274,24,389,339,9,299],"visited_aisles":[1,18,71,43,62,5,32,25,55,11,6,21,19,82,63,44,2,34,48,7,79,40,73,51,75,14,13,35,28,41,58,45,26,20,16,17,49,42,22,61,10,12,69,52,39,57,78,38,36],"exec_time":0.00536406,"objective":3.57143}
