{"selected_orders":[11,12,4,7,14,1,5,6,0,13],"visited_aisles":[54,27,88,16,19,44,28,33,38,90,48,55,67,12,69,46,60,77,80,76,36,10],"exec_time":0.000439929,"objective":1.72727}
