{"selected_orders":[34,76,51,52,55,18,22,45,32,27,10,20,67,69,3,46,56,19,48,74,14,21,66,79,15],"visited_aisles":[16,70,43,61,63,7,35,91,26,93,55,105,121,58,66,99,57,40,86,80,78,79,0,109,62,9,6,84,72,83,5,32,21,110,48,106],"exec_time":0.00281396,"objective":2.94444}
