{"selected_orders":[42,275,399,308,31,261,147,197,352,136,295,383,3,184,381,0,386,68,335,46,410,90,10,26,171,288,9,130,16,231,180,81,389,137,181,207,1,229,369,357,405,29,376,170,327,44,146,358,370,87,7,300,100,269,77,302,375,82,132,211,279,350,289,293,353,411,47,253,298,314,39,276,250,187,89,337,214,55,92,292,208,169,334,306,328,344,103,247,151,336,206,135,287,273,414,194,209,156,161,329,83,102,21,367,105,401,326,408,125,234,95,150,80,149,143,41,134,241,362,91,117,124,256,348,141,34,129,305,236,278,201,205,145,189,282,148,317,174,391,304,281,222,27,69,286,202,372,162,219,85,120,224,239,33,177,364,58,342,246,188,307,198,2,66,153,45,178,258,36,186,93,245,349,79,402],"visited_aisles":[63,18,48,44,1,55,24,32,79,5,62,43,71,11,25,6,2,73,7,21,35,40,19,51,45,13,75,80,49,58,41,34,20,14,17,9,39,16,22,28,42,26,61,53,3,69,67,12,15,38,78,68,50],"exec_time":0.00412393,"objective":3.30189}
