{"selected_orders":[12,6,2,9,1,14,4,13,15,7],"visited_aisles":[39,54,38,70,20,43,30,27,50,19,67,2,12,4,80,41,69,77,90,72,36,7,10,23],"exec_time":0.000430573,"objective":1.66667}
