{"selected_orders":[49,56,23,33,24,4,6,41,65,22,72,7,54,42,14,76,2,40,73,77,43,10,16,46,1,64,26,78],"visited_aisles":[16,70,102,117,66,51,4,7,83,48,39,113,93,109,42,78,58,100,5,52,107,67,111,17,9,97,84,79,60,61,25,108,44],"exec_time":0.00206849,"objective":3.21212}
