{"selected_orders":[55,58,0,16,10,39,42,8,33,5,24,28,30,69,63,59,15,36,64,27,67,7,62,11,44,60,37,51,6,26,34,22,66,18,14,56,38,52,32,21,53,17,4],"visited_aisles":[87,287,49,159,69,229,70,32,80,24,280,269,79,124,167,31,237,169,2,114,88,136,126,239,0,77,78,236,216,119,100,81,125,113,76,1,278,277,274,242,238,234,200,187,176,174,7,52,8,157,144,141,140,137,14,13,193,208,213,172,170,224,246,282,299,86,102,10,294,263,273,3,240,286,109,93,104],"exec_time":0.00673354,"objective":1.98701}
