{"selected_orders":[42,24,76,27,31,60,2,115,111,67,52,107,3,43,35,0,98,68,109,46,15,90,10,26,28,123,9,130,16,5,122,81,62,72,14,61,1,99,51,11,74,29,96,93,12,44,114,49,87,20,100],"visited_aisles":[250,187,98,230,227,274,102,16,31,297,310,41,317,3,286,142,164,1,84,330,119,129,160,193,218,233,291,277,275,62,179,228,15,83,19,190,30,326,324,45,2,302,331,114,112,118,145,123,180,168,130,165,159,335,0,327,5,295,290,238,33,194,76,60,61,63,178,53,21,9,198,236,200,229,253,226,321,308,334,151,307,49,38,89,131,132,169,115,201],"exec_time":0.0107882,"objective":1.98876}
