{"selected_orders":[12,37,33,9,80,45,25,39,54,75,21,51,71,24,31,79,34,40,46,65,43,0,2,36,8,20,78],"visited_aisles":[16,70,56,0,90,5,100,48,117,107,78,20,91,21,58,61,29,72,103,99,42,60,14,121,83,43,97,87,71,54,55,9,30,102,36,47,44,116,112,106,105,26],"exec_time":0.00326554,"objective":2.52381}
