{"selected_orders":[9,10,11,12,8,0],"visited_aisles":[2,7,16,19,23,27,32,38,39,45,46,50,56,60,62,63,74,76,90],"exec_time":0.0167405,"objective":2.10526}
