{"selected_orders":[112,28,23,4,81,15,8,66,124,107,12,68,51,105,54,16,31,108,102,19,78,94,10,37,106,117,9,18,69,2,130,53,116,129,126,48,79,110,82,46,56,7,35,59,99,113],"visited_aisles":[60,181,31,63,218,252,98,132,318,19,123,49,303,327,331,143,53,61,164,317,248,237,8,101,297,97,262,92,41,296,283,85,124,321,26,229,328,215,159,233,152,269,35,267,151,225,89,286,43,187,186,127,118,193,2,11,261,307,42,299,107,100,314,324,287,227,224,217,211,119,115,36,112,90,14,5],"exec_time":0.00866913,"objective":2.31579}
