{"selected_orders":[72,106,21,60,109,4,115,126,91,105,73,121,84,43,32,77,16,41,90,113,37,80,26,104,102,42,65,89,74,111,71,110,39,58,78,66,15,2,69,6,114,10,33,8,17,28,132,56,95,100,1,14,125],"visited_aisles":[143,101,252,104,317,181,31,60,19,303,262,16,218,202,98,164,297,30,119,102,210,21,274,186,217,165,41,277,68,130,330,177,213,0,110,84,85,160,283,324,49,53,18,2,234,233,148,321,162,309,327,146,341,132,199,174,304,97,69,29,47,107,62,55,76,57,253,229,227,226,225,219,307,14,124,90,299,38,271,270,150,89,133,238,64,224],"exec_time":0.0189556,"objective":2.05814}
