{"selected_orders":[49,123,1,44,26,33,115,111,76,48,103,59,85,38,2,24,130,95,36,69,22,29,6,28,52,34,102,41,122,107,17,11,89,83],"visited_aisles":[181,144,143,104,252,317,230,331,227,102,132,23,297,49,323,142,92,277,327,282,290,291,8,250,53,119,60,61,207,198,82,168,164,303,3,275,68,165,160,301,210,46,239,330,148,310,122,131,322,200,253,229,271,151,9,26,64,29,38,36,55,57,226,280,124,149,2,133,334],"exec_time":0.0059917,"objective":2.55072}
