{"selected_orders":[3,11,0,15,10,7,12,5],"visited_aisles":[2,19,88,27,16,38,23,54,70,64,28,30,33,48,0,72,90,83,46,47,84,80,76],"exec_time":0.00075509,"objective":1.73913}
