{"selected_orders":[18,69,53,26,30,29,77,67,62,66,24,39,36,55,9,10,4,46,11,38,22,2,14,59,81,43,17,49,78],"visited_aisles":[16,70,43,102,61,63,93,91,7,23,100,99,55,51,47,27,86,42,72,83,97,4,0,8,106,44,49,109,110,39,28,29,32,68,87,62],"exec_time":0.0024903,"objective":2.94444}
