{"selected_orders":[21,59,50,18,17,26,43,13,19,20,1,25,31,42,36,10,60,33,37,9,51,27],"visited_aisles":[71,43,15,97,105,33,82,35,9,25,101,6,4,40,69,41,29,28,24,92,17,70,57,103,27,3],"exec_time":0.000960998,"objective":2.61538}
