{"selected_orders":[42,24,53,27,31,60,2,41,8,36,52,56,3,43,35,15],"visited_aisles":[99,71,97,89,35,4,112,52,54,63,58,40,33,1,29,27,103,69],"exec_time":0.000917649,"objective":3.77778}
