{"selected_orders":[48,77,0,36,41,38,3,53,35,69,78,58,14,23,6,21,4,57,33,68,9,61,11,25,20,52],"visited_aisles":[70,102,16,43,89,91,5,80,35,58,66,29,83,92,63,0,67,100,8,9,4,106,74,51,116,87,32,25,20,65,93,62,84,6],"exec_time":0.00403216,"objective":3.11765}
