{"selected_orders":[34,23,51,52,55,18,22,45,32,27,10,20,67,69,3,46,56,19,48,9,50,14,21,66,57,15,53,40,26,33,61,68,4,49,31],"visited_aisles":[159,87,124,50,49,123,24,125,286,52,89,160,90,196,197,114,88,277,77,248,79,149,219,280,269,200,198,187,102,180,174,169,119,144,100,136,120,216,243,31,236,234,0,222,1,273,263,278,295,299,116,218,188,224,230,176,162,155,239,242,21,81,7,8,213,40,206,255,78,133,93,109,170],"exec_time":0.00675315,"objective":2.08219}
