{"selected_orders":[12,37,33,9,29,45,25,39,54,7,21,51,50,24,31,47,34,40,46,65,43,0,2,36,8,61,6,20,68,1,52,66,42,44,30,56],"visited_aisles":[159,87,124,49,50,262,16,286,296,123,89,197,88,160,216,18,77,196,40,280,78,136,274,0,155,277,47,70,169,283,180,4,201,42,299,79,238,236,61,257,140,145,100,246,213,191,242,224,163,141,120,170,278,295,273,101,44,41,33,8,10,81,208,206,301,279,109,150,7,188,149],"exec_time":0.00518074,"objective":2.15493}
