{"selected_orders":[48,62,0,36,41,38,3,53,35,69,37,58,14,23,6,21,4,50,57,33,68,9,61,11,25,20,1,52,40,42,17,15,8,26,39,30,7],"visited_aisles":[87,159,50,49,124,262,286,296,125,88,18,40,160,70,180,196,197,258,32,52,169,0,41,277,149,148,257,283,78,183,113,249,187,239,144,246,222,13,299,96,120,178,182,114,188,235,238,145,150,141,140,216,137,133,163,208,170,176,282,67,273,14,8,80,100,255,242,102,234,294,81,104,10,42,158],"exec_time":0.00728907,"objective":2.02667}
