{"selected_orders":[64,27,67,72,20,79,59,19,44,63,25,33,55,11,49,17,73,4,70,57,31,30,75,58,38,6,81,78],"visited_aisles":[16,70,43,102,92,89,61,24,91,5,100,39,80,83,86,99,12,47,58,60,63,21,72,97,17,51,65,90,28,20,23,84,105,106,121,110,48,108],"exec_time":0.00224791,"objective":2.78947}
