{"selected_orders":[65,83,120,87,70,54,103,101,33,57,44,32,17,100,0,9,97,126,109,71,74,34,31,118,15,39,18,69,5,58,60,42,41,55,131,81,20,61,6,66,94,67,95,49,99,24,21,56,84],"visited_aisles":[31,250,101,187,60,181,19,291,331,144,310,21,3,252,286,145,290,262,80,41,98,102,249,143,63,237,129,198,253,267,142,277,283,30,160,206,83,218,123,124,139,226,81,186,238,315,269,29,61,337,169,299,300,321,230,234,200,199,174,271,64,57,84,127,76,55,51,74,236,224,219,308,11,10,287,304,90,150,170,201,133,196,131],"exec_time":0.00968121,"objective":2.12048}
