{"selected_orders":[5,0,3,1,15,12,6,14,7,13,4],"visited_aisles":[54,88,27,19,2,28,20,72,70,67,30,0,55,38,12,10,84,80,69,77,76,9],"exec_time":0.000503995,"objective":1.77273}
