{"selected_orders":[48,85,22,89,61,66,123,101,7,29,70,104,28,75,44,126,24,122,103],"visited_aisles":[101,31,250,227,132,98,331,297,8,19,92,23,82,145,207,283,26,49,102,162,181,198,239,277,309,2,3,9,70,192,206,230,286,290,81,90,104,108,131,138,143,152,160,164,200,224,237,296,310],"exec_time":0.0119945,"objective":3.61224}
