algo_id,run_id,status,objective,items,aisles,exec_time
ils_10,4,feasible,16.529411764705884,1686,102,11.048
ils_10,2,feasible,16.166666666666668,1746,108,11.417
ils_10,1,feasible,16.557692307692307,1722,104,11.361
ils_10,5,feasible,16.62857142857143,1746,105,11.73
ils_10,3,feasible,16.61904761904762,1745,105,11.97
