algo_id,run_id,status,objective,items,aisles,exec_time
aisle_first,2,feasible,747.5555555555555,6728,9,1.538
aisle_first,1,feasible,747.5555555555555,6728,9,1.798
aisle_first,4,feasible,747.5555555555555,6728,9,1.537
aisle_first,3,feasible,747.5555555555555,6728,9,1.822
aisle_first,5,feasible,747.5555555555555,6728,9,2.094
