algo_id,run_id,status,objective,items,aisles,exec_time
aisle_first,1,feasible,139.52941176470588,2372,17,1.077
aisle_first,3,feasible,139.52941176470588,2372,17,0.847
aisle_first,2,feasible,139.52941176470588,2372,17,1.04
aisle_first,5,feasible,139.52941176470588,2372,17,0.81
aisle_first,4,feasible,139.52941176470588,2372,17,0.881
