algo_id,run_id,status,objective,items,aisles,exec_time
aisle_first,5,feasible,173.58333333333334,2083,12,0.356
aisle_first,3,feasible,173.58333333333334,2083,12,0.374
aisle_first,1,feasible,173.58333333333334,2083,12,0.458
aisle_first,2,feasible,173.58333333333334,2083,12,0.458
aisle_first,4,feasible,173.58333333333334,2083,12,0.545
