algo_id,run_id,status,objective,items,aisles,exec_time
aisle_first,2,feasible,196.16666666666666,2354,12,0.492
aisle_first,4,feasible,196.16666666666666,2354,12,0.737
aisle_first,1,feasible,196.16666666666666,2354,12,0.736
aisle_first,5,feasible,196.16666666666666,2354,12,0.821
aisle_first,3,feasible,196.16666666666666,2354,12,0.951
