{"selected_orders":[13,72,63,41,9,4,66,46,44,32,29,62],"visited_aisles":[93,88,70,45,43,46,102,16,61],"exec_time":0.00181147,"objective":5.33333}
