{"selected_orders":[67,9,59,5,68,38,54,33,17,69,57,32,6,62,51,3,47,1,64,4,2,23,24,19,31,18,15,36,37,39,42,46],"visited_aisles":[180,31,142,69,303,80,32,70,104,280,269,97,287,37,49,176,105,129,222,274,66,150,124,125,201,87,235,216,197,253,196,0,155,262,123,159,140,277,161,244,167,296,252,41,111,182,17,203,229,113,50,89,128,75,286,30,16,164,126,136,195,79,90,250,144,236,77,135,284,146,100,102,248,24,78,65,47,52,232,231,88,6,178,160,61,27,34,60,265,288,114,2],"exec_time":0.00418973,"objective":1.44565}
