{"selected_orders":[67,9,59,5,68,33,69,6,3,1,64,24,19,36,37,42,46],"visited_aisles":[87,159,124,49,50,123,16,287,262,229,24,269,77,17,296,125,286,52,88,197,78,89,180,70,32,69,40,196,277,90,161,160,80,169,167,216,114,126,136,237,0,2,18,280,248,274,79,283,31],"exec_time":0.00500665,"objective":1.77551}
