{"selected_orders":[9,10,11,12,8,0],"visited_aisles":[2,23,27,39,16,32,90,58,7,11,13,19,28,29,46,48,50,54,76],"exec_time":0.000661696,"objective":2.10526}
