{"selected_orders":[89,101,0,112,119,76,81,108,106,121,69,25,103,107,26,125,42,99,82,98],"visited_aisles":[132,60,31,142,218,286,290,331,49,102,215,274,249,3,318,248,21,91,317,30,143,84,63,124,98,267,145],"exec_time":0.00425523,"objective":2.88889}
