{"selected_orders":[10,3,1],"visited_aisles":[54,27,23,28,75,2,90,19,72],"exec_time":0.000393316,"objective":1.44444}
