algo_id,run_id,status,objective,items,aisles,exec_time
ils_100000_.4_.01_100-600,4,feasible,162.94117647058823,2770,17,601.116
ils_100000_.4_.01_100-600,1,feasible,162.94117647058823,2770,17,601.215
ils_100000_.4_.01_100-600,2,feasible,162.94117647058823,2770,17,601.339
ils_100000_.4_.01_100-600,5,feasible,162.94117647058823,2770,17,601.324
ils_100000_.4_.01_100-600,3,feasible,162.94117647058823,2770,17,601.541
