algo_id,run_id,status,objective,items,aisles,exec_time
ils_100000_.4_.01_100-600,2,feasible,16.901960784313726,1724,102,601.836
ils_100000_.4_.01_100-600,1,feasible,16.796116504854368,1730,103,601.866
ils_100000_.4_.01_100-600,5,feasible,17.02,1702,100,600.641
ils_100000_.4_.01_100-600,4,feasible,16.93069306930693,1710,101,600.758
ils_100000_.4_.01_100-600,3,feasible,16.844660194174757,1735,103,601.156
