algo_id,run_id,status,objective,items,aisles,exec_time
ils_100000_.4_.01_100-600,2,feasible,15.80952380952381,332,21,601.053
ils_100000_.4_.01_100-600,1,feasible,16.38095238095238,344,21,601.278
ils_100000_.4_.01_100-600,3,feasible,16.5,330,20,600.861
ils_100000_.4_.01_100-600,4,feasible,15.954545454545455,351,22,601.222
ils_100000_.4_.01_100-600,5,feasible,15.363636363636363,338,22,601.079
