algo_id,run_id,status,objective,items,aisles,exec_time
ils_100000_.4_.01_100-600,5,feasible,4.153846153846154,54,13,600.126
ils_100000_.4_.01_100-600,4,feasible,4.230769230769231,55,13,600.078
ils_100000_.4_.01_100-600,3,feasible,4.416666666666667,53,12,600.142
ils_100000_.4_.01_100-600,2,feasible,4.416666666666667,53,12,600.198
ils_100000_.4_.01_100-600,1,feasible,4.230769230769231,55,13,600.217
