algo_id,run_id,status,objective,items,aisles,exec_time
aisle_first,2,feasible,78.93103448275862,2289,29,0.27
aisle_first,5,feasible,78.93103448275862,2289,29,0.243
aisle_first,1,feasible,78.93103448275862,2289,29,0.561
aisle_first,3,feasible,78.93103448275862,2289,29,0.473
aisle_first,4,feasible,78.93103448275862,2289,29,0.517
