algo_id,run_id,status,objective,items,aisles,exec_time
ils_60,4,feasible,16.796116504854368,1730,103,61.216
ils_60,5,feasible,16.85148514851485,1702,101,61.777
ils_60,1,feasible,16.70873786407767,1721,103,61.852
ils_60,2,feasible,16.78846153846154,1746,104,61.909
ils_60,3,feasible,16.75,1742,104,61.963
