algo_id,run_id,status,objective,items,aisles,exec_time
ils,1,feasible,751.2222222222222,6761,9,67.105
ils,2,feasible,751.2222222222222,6761,9,66.455
ils,3,feasible,751.2222222222222,6761,9,66.733
ils,4,feasible,753.5555555555555,6782,9,68.572
ils,5,feasible,751.6666666666666,6765,9,68.58
