algo_id,run_id,status,objective,items,aisles,exec_time
ils,1,feasible,877.6666666666666,5266,6,65.068
ils,3,feasible,879.3333333333334,5276,6,64.737
ils,2,feasible,877.6666666666666,5266,6,65.155
ils,5,feasible,877.6666666666666,5266,6,64.353
ils,4,feasible,877.6666666666666,5266,6,64.615
