algo_id,run_id,status,objective,items,aisles,exec_time
ils,1,feasible,82.28571428571429,1152,14,60.726
ils,2,feasible,82.42857142857143,1154,14,61.117
ils,3,feasible,81.85714285714286,1146,14,61.244
ils,4,feasible,82.42857142857143,1154,14,61.088
ils,5,feasible,82.28571428571429,1152,14,60.713
