algo_id,run_id,status,objective,items,aisles,exec_time
ils,1,feasible,180.63636363636363,1987,11,60.703
ils,2,feasible,180.63636363636363,1987,11,60.541
ils,3,feasible,180.63636363636363,1987,11,60.585
ils,4,feasible,180.63636363636363,1987,11,60.426
ils,5,feasible,180.63636363636363,1987,11,60.41
