algo_id,run_id,status,objective,items,aisles,exec_time
ils,1,feasible,155.66666666666666,2802,18,60.814
ils,3,feasible,155.66666666666666,2802,18,60.702
ils,2,feasible,155.66666666666666,2802,18,61.019
ils,4,feasible,155.66666666666666,2802,18,60.67
ils,5,feasible,155.66666666666666,2802,18,60.837
