algo_id,run_id,status,objective,items,aisles,exec_time
ils,1,feasible,567.6363636363636,6244,11,64.138
ils,2,feasible,567.6363636363636,6244,11,64.38
ils,3,feasible,567.6363636363636,6244,11,62.872
ils,4,feasible,567.6363636363636,6244,11,62.845
ils,5,feasible,567.6363636363636,6244,11,63.285
