algo_id,run_id,status,objective,items,aisles,exec_time
aisle_first,1,feasible,1619.6666666666667,4859,3,1.576
aisle_first,2,feasible,1619.6666666666667,4859,3,1.703
aisle_first,3,feasible,1619.6666666666667,4859,3,1.677
aisle_first,4,feasible,1619.6666666666667,4859,3,1.827
aisle_first,5,feasible,1619.6666666666667,4859,3,1.989
