algo_id,run_id,status,objective,items,aisles,exec_time
aisle_first,1,feasible,1324.6666666666667,3974,3,2.138
aisle_first,4,feasible,1324.6666666666667,3974,3,1.492
aisle_first,2,feasible,1324.6666666666667,3974,3,2.152
aisle_first,3,feasible,1324.6666666666667,3974,3,2.329
aisle_first,5,feasible,1324.6666666666667,3974,3,1.774
