algo_id,run_id,status,objective,items,aisles,exec_time
ils_10,1,feasible,161.66666666666666,2425,15,12.453
ils_10,2,feasible,161.66666666666666,2425,15,12.427
ils_10,3,feasible,161.86666666666667,2428,15,11.686
ils_10,4,feasible,162.26666666666668,2434,15,11.863
ils_10,5,feasible,161.66666666666666,2425,15,11.976
