{"selected_orders":[9,10,11,12,8,0],"visited_aisles":[19,2,23,88,27,16,74,32,38,90,48,54,60,7,41,43,46,76,50],"exec_time":0.00513187,"objective":2.10526}
