{"selected_orders":[89,101,75,0,112,14,119,76,81,108,106,105,121,69,25,56,103,23,107,17,26,9,125,5,73,42,54,99,82,36,98],"visited_aisles":[132,286,91,215,49,60,142,274,249,102,3,261,290,218,318,31,84,248,271,323,267,268,214,331,116,46,130,21,78,333,101,206,182,326,300,252,85,63,250,124,98,143,58,30,54,262,145],"exec_time":0.00528718,"objective":2.31915}
