algo_id,run_id,status,objective,items,aisles,exec_time
aisle_first,2,feasible,10.947368421052632,416,38,0.682
aisle_first,1,feasible,10.947368421052632,416,38,0.98
aisle_first,5,feasible,10.947368421052632,416,38,0.883
aisle_first,3,feasible,10.947368421052632,416,38,0.925
aisle_first,4,feasible,10.947368421052632,416,38,1.082
