dataset,algo_id,pct_media,tempo_media,pareto
a,ils_300,96.73524518943942,60.7726,True
b,ils_300,98.17254227572371,62.1106,True
x,ils_300,97.68483757092085,62.1422,True
