dataset,algo_id,gap_media,tempo_media,pareto
a,aisle_first_useful,0.15572227791468238,0.052434976970000005,True
a,aisle_first_variety,0.19577552077483643,0.051382850820000006,True
a,aisle_first_mixed,0.2029053510375973,0.050754132179999994,True
a,aisle_first_units,0.3605888090451605,0.06523116031,False
a,simple_desc_exact,0.691613872664787,0.057575632,False
a,simple_desc_multi,0.6944726473125571,0.24077574584,False
a,simple_desc_simple,0.7046933929900777,0.80381139483,False
