Algoritmo,Tempo Médio (s),GAP Médio,Pareto
par-it+ref-lin,199.88571428571427,0.2857142857142857,True
ref-lin,299.45714285714286,1.8,False
aisle_first,0.4933485714285715,2.9538953283980667,True
par-it,193.94285714285715,7.285714285714286,False
