Algoritmo,Tempo Médio (s),GAP Médio,Pareto
par-it+ref-lin,199.88571428571427,0.17142857142857143,True
aisle_first,603.6293000000001,0.6565129870558437,False
ref-lin,299.45714285714286,1.8,False
par-it,193.94285714285715,7.285714285714286,True
