dataset,algo_id,pct_media,tempo_media,pareto
a,aisle_first,93.85068629804387,0.33692,True
b,aisle_first,97.8402582773395,0.70192,True
x,aisle_first,98.02130308911694,0.8212799999999999,True
