Algoritmo,Tempo Médio (s),GAP Médio,Pareto
par-it+ref-lin,175.63636363636363,0.15151515151515152,True
ref-lin,281.24242424242425,1.8484848484848484,False
aisle_first,450.7895757575758,2.0439044047994526,False
par-it,169.33333333333334,5.090909090909091,True
