dataset,algo_id,pct_media,tempo_media,pareto
a,sa_default,97.57496559598039,352.526425,True
a,aisle_first,93.85068629804387,0.33692,True
a,sa_new,83.84021108411662,280.224625,False
b,sa_default,98.32388318290134,601.1249130434783,True
b,aisle_first,97.8402582773395,0.70192,True
x,sa_default,98.1873399121285,604.1408421052631,True
x,aisle_first,98.02130308911694,0.8212799999999999,True
