algo_id,run_id,status,objective,items,aisles,exec_time
ils_600,2,feasible,165.92857142857142,2323,14,302.859
ils_600,1,feasible,163.26666666666668,2449,15,303.511
ils_600,4,feasible,163.13333333333333,2447,15,301.538
ils_600,3,feasible,163.26666666666668,2449,15,302.478
ils_600,5,feasible,162.73333333333332,2441,15,302.659
