{"selected_orders":[1016,107,559,268,850,470,109,375,891,474,547,244,384,79,636,483,631,998,67,468,552,160,849,747,731,341,217,385,890,996,138,885,208,54,57,764,825,990,520,273,499,603,896,472,968,406,60,352,656,833,391,813,667,1014,46,601,366,582,35,586,221,342,627,1026,452,744,56,486,854,929,238,842,295,897,301,358,346,455,476,464,465,272,862,284,287,804,976,766,1008,980,589,759,741,611,149,153,131,45,205,651,91,188,650,565,224,196,23,105,580,655,694,708,706,666,670,717,633,826,834,682,584,536,529,790,575,588,590,508,507,762,571,566,461,730,463,732,742,484,810,802,755,597,502,262,914,95,99,110,912,921,925,70,292,288,237,82,84,991,989,180,176,174,152,171,169,956,957,164,958,157,230,134,137,938,210,965,944,199,197,194,350,361,360,359,356,27,28,31,864,349,343,340,40,873,386,843,9,860,861,15,879,299,1002,59,323,315,50,886,44,41,964,992,984,722,709,721,749,997,995,993,725,754,1023,729,716,734,1007,1009,988,974,973,1020,738,739,971,969,745,1005,746,892,817,814,877,884,812,818,809,808,803,830,846,851,853,801,828,824,867,820,869,939,774,927,773,772,770,769,768,934,937,924,943,947,952,953,915,798,789,955,788,916,785,784,780,778,239,248,251,255,235,259,264,265,269,192,193,198,200,201,209,219,222,227,228,231,316,322,326,329,334,344,345,348,355,283,289,290,291,294,296,302,305,307,309,310,313,38,39,61,66,71,76,78,83,93,1,4,10,11,12,13,17,20,22,25,29,30,32,142,143,146,150,140,168,170,172,177,179,101,111,112,113,115,124,126,130,132,135,572,573,576,583,591,598,568,606,617,542,533,537,538,540,541,553,560,562,563,680,659,661,663,671,675,653,683,684,685,696,619,620,625,628,630,632,531,635,640,642,643,644,645,404,412,413,415,419,399,428,429,434,435,436,368,373,378,380,443,393,394,397,398,513,504,509,510,0,517,518,522,524,527,444,445,451,454,457,703,460,480,487,488,491,493],"visited_aisles":[90,259,179,220,43,103,44,373,12,148,138,246,188,365,55,57,9,181,88,99,157,320,53,169,146,200,280,8,287,34,115,3,96,136,342,182,338,249,113,239,84,201,68,69,160,197,352,223,22,266,255,47,16,290,175,17,370,140,323,123,316,254,80,35,306,336,40,227,48,41,210,202,75,66,142,212,100,199,282,277,116,62,101,332,79,238,351,32,46,235,363,325,308,21,196,237,293,67,303,261,133,184,78,139,36,334,124,289,288,173,20,25,217,50,236,54,161,252,203,156,216,222,198,0,244,326,158,37,286,172,151,98,366,82,331,213,85,214,319,224,1,243,314,4,337,206,127,250,114,195,178,251,77,297,71],"exec_time":0.209423,"objective":9.70323}
