{"selected_orders":[13,18,35,65,71,72,55,22,34,33,53,78],"visited_aisles":[16,35,43,46,48,58,61,66,70,74,78,83,87,90,91,99,102,107,110,117,121],"exec_time":0.0154697,"objective":5.04762}
