{"selected_orders":[67,9,59,5,68,38,54,33,17,69,57,6,62,51,3,47,1,64,4,2,23,24,19,15,36,37,39,42,46],"visited_aisles":[180,69,31,142,80,32,70,303,280,287,87,124,49,159,125,123,104,274,262,197,37,196,201,50,229,296,277,161,0,269,89,97,16,176,129,222,286,24,150,155,17,235,216,111,90,78,136,105,41,126,140,113,160,248,75,253,144,250,88,236,77,79,52,47,65,182,2,167,100,114,258],"exec_time":0.00469508,"objective":1.77465}
