algo_id,run_id,status,objective,items,aisles,exec_time
ils,2,feasible,181.36363636363637,1995,11,62.018
ils,3,feasible,181.0909090909091,1992,11,61.606
ils,1,feasible,181.1818181818182,1993,11,62.321
ils,5,feasible,181.0909090909091,1992,11,61.998
ils,4,feasible,181.0909090909091,1992,11,62.467
