algo_id,run_id,status,objective,items,aisles,exec_time
ils,1,feasible,117.38461538461539,1526,13,61.407
ils,3,feasible,117.38461538461539,1526,13,61.143
ils,4,feasible,117.38461538461539,1526,13,61.092
ils,2,feasible,117.38461538461539,1526,13,62.081
ils,5,feasible,117.38461538461539,1526,13,61.401
