algo_id,run_id,status,objective,items,aisles,exec_time
ils,1,feasible,162.94117647058823,2770,17,60.749
ils,2,feasible,162.94117647058823,2770,17,60.566
ils,3,feasible,162.94117647058823,2770,17,60.918
ils,5,feasible,162.94117647058823,2770,17,60.955
ils,4,feasible,162.94117647058823,2770,17,61.526
