algo_id,run_id,status,objective,items,aisles,exec_time
ils,1,feasible,4.416666666666667,53,12,60.173
ils,2,feasible,4.333333333333333,52,12,60.215
ils,3,feasible,4.416666666666667,53,12,60.207
ils,4,feasible,4.416666666666667,53,12,60.391
ils,5,feasible,4.416666666666667,53,12,60.131
