algo_id,run_id,status,objective,items,aisles,exec_time
aisle_first,1,feasible,117.38461538461539,1526,13,0.698
aisle_first,4,feasible,117.38461538461539,1526,13,0.635
aisle_first,2,feasible,117.38461538461539,1526,13,0.863
aisle_first,3,feasible,117.38461538461539,1526,13,0.764
aisle_first,5,feasible,117.38461538461539,1526,13,0.899
