algo_id,run_id,status,objective,items,aisles,exec_time
aisle_first,2,feasible,146.6315789473684,2786,19,0.387
aisle_first,1,feasible,146.6315789473684,2786,19,0.272
aisle_first,4,feasible,146.6315789473684,2786,19,0.19
aisle_first,5,feasible,146.6315789473684,2786,19,0.398
aisle_first,3,feasible,146.6315789473684,2786,19,0.344
