algo_id,run_id,status,objective,items,aisles,exec_time
ils_600,1,feasible,114.92307692307692,1494,13,301.789
ils_600,2,feasible,114.84615384615384,1493,13,301.965
ils_600,5,feasible,114.61538461538461,1490,13,301.6
ils_600,3,feasible,114.6923076923077,1491,13,302.155
ils_600,4,feasible,114.76923076923077,1492,13,302.462
