algo_id,run_id,status,objective,items,aisles,exec_time
ils,1,feasible,1334.3333333333333,4003,3,64.595
ils,2,feasible,1334.3333333333333,4003,3,64.48
ils,3,feasible,1334.3333333333333,4003,3,65.607
ils,4,feasible,1334.3333333333333,4003,3,63.965
ils,5,feasible,1334.3333333333333,4003,3,65.695
