algo_id,run_id,status,objective,items,aisles,exec_time
ils,1,feasible,263.90909090909093,2903,11,60.565
ils,2,feasible,263.90909090909093,2903,11,60.9
ils,3,feasible,263.90909090909093,2903,11,60.906
ils,4,feasible,263.27272727272725,2896,11,60.684
ils,5,feasible,263.90909090909093,2903,11,60.601
