algo_id,run_id,status,objective,items,aisles,exec_time
ils,1,feasible,191.57142857142858,1341,7,60.74
ils,2,feasible,191.85714285714286,1343,7,60.734
ils,3,feasible,191.71428571428572,1342,7,60.822
ils,4,feasible,191.71428571428572,1342,7,60.611
ils,5,feasible,191.57142857142858,1341,7,60.683
