algo_id,run_id,status,objective,items,aisles,exec_time
ils,1,feasible,112.57142857142857,1576,14,61.529
ils,2,feasible,114.84615384615384,1493,13,61.603
ils,3,feasible,114.76923076923077,1492,13,61.517
ils,4,feasible,114.76923076923077,1492,13,61.273
ils,5,feasible,112.57142857142857,1576,14,61.291
