algo_id,run_id,status,objective,items,aisles,exec_time
ils,2,feasible,1058.2857142857142,7408,7,67.629
ils,1,feasible,1058.2857142857142,7408,7,68.067
ils,3,feasible,1058.2857142857142,7408,7,67.184
ils,4,feasible,1058.2857142857142,7408,7,67.355
ils,5,feasible,1058.2857142857142,7408,7,68.223
