algo_id,run_id,status,objective,items,aisles,exec_time
ils,1,feasible,628.6666666666666,1886,3,60.988
ils,2,feasible,628.6666666666666,1886,3,60.781
ils,3,feasible,628.6666666666666,1886,3,60.93
ils,4,feasible,628.6666666666666,1886,3,60.843
ils,5,feasible,628.6666666666666,1886,3,60.946
