{"selected_orders":[29,20,21,63,23,24,45,26,42,28,19,30,31,60,58,40,36,37,39,18,2,4,0,7,8,48,10,11,13,46,15,16,64,47,41,49,50,52,51,56,57,32,27,62,14,12,6,3,1,55,53,65,69,34,44,22,54,33],"visited_aisles":[0,78,169,49,274,89,114,219,277,1,5,8,81,119,130,144,159,200,222,242,263,4,13,16,33,47,53,73,77,113,116,136,141,155,255,273,2,6,7,10,21,30,34,52,60,61,69,71,79,86,87,93,102,120,123,133,143,145,150,158,162,170,176,191,206,208,213,214,218,224,232,234,239,240,246,278,294,299],"exec_time":0.00244168,"objective":1.94872}
