{"selected_orders":[46,41,54,35,5,12,43,31,19,15,42,52,1,9,37,44,16,55],"visited_aisles":[71,97,43,89,35,82,88,72,9,69,25,1,41,112,80,57,27,95],"exec_time":0.00498111,"objective":3.77778}
