{"selected_orders":[46,65,119,35,5,68,43,72,122,15,42,52,1,74,93,53,37,123,16,73,82,47,17,81,109,91,114,107,25,78,75,26,105,27,60,28,61,98,8,116,29,127,0,95,113,7,110,45,130,40,106,87],"visited_aisles":[98,227,310,31,297,84,40,53,274,290,102,230,237,277,286,30,35,60,61,146,248,317,14,44,76,93,145,164,187,217,225,291,331,2,4,5,9,17,21,29,37,38,42,46,62,63,68,107,112,115,119,136,137,151,152,161,171,175,180,201,211,234,238,252,253,261,271,296,304,307],"exec_time":0.00442644,"objective":2.51429}
