{"selected_orders":[92,84,85,87,88,89,90,91,83,93,94,95,96,98,99,75,67,68,69,70,71,72,73,74,100,76,77,78,79,80,81,82,125,117,118,119,120,121,122,123,124,116,126,127,128,129,130,131,132,115,114],"visited_aisles":[181,143,104,144,101,317,31,227,331,102,63,230,142,60,299,124,28,21,205,214,287,138,81,274,253,215,283,329,69,286,249,62,61,290,84,54,151,186,198,30,23,237,190,206,123,228,201,29,86,110,160,217,225,0,49,53,271,234,302,168,267,233,194,238,180,165,38,305,337,335,275,107,115,289,127,121,270,224,112,119,78,90,100],"exec_time":0.0103149,"objective":2.13253}
