{"selected_orders":[51,61,60,59,58,57,56,55,54,53,52,62,49,48,47,46,45,44,43,42,72,81,80,79,78,77,76],"visited_aisles":[43,51,70,89,61,93,4,21,47,79,5,13,16,39,42,60,83,84,106,6,17,26,27,44,48,50,52,58,65,72,78,102,105],"exec_time":0.00435306,"objective":3.21212}
