{"selected_orders":[10,47,32,33,34,35,36,37,38,39,40,41,42,43,44,45,46,30,48,49],"visited_aisles":[6,97,25,39,72,87,15,71,33,79,16,66,91,92,1,4,10,12,43,45,81,101],"exec_time":0.000568945,"objective":3.09091}
