{"selected_orders":[1,4,5,6,13,2,3,7,15,0,14],"visited_aisles":[54,70,2,19,28,0,12,1,4,9,10,14,20,22,29,30,38,67,69,76,77,80],"exec_time":0.000222445,"objective":1.63636}
