{"selected_orders":[72,396,153,407,351,288,260,126,275,105,73,263,257,179,32,188,176,278,187,113,143,80,26,367,241,197,359,65,89,150,111,162,166,229,58,218,66,352,2,285,319,361,10,33,209,17,28,169,312,376,167,412,392,125,131,239,213,88,174,134,83,399,276,252,215,372,178,144,400,35,87,133,96,123,27,340,171,280,62,338,119,181,308,158,55,127,192,98,11,107,381,337,30,210,182,137,22,410,7,159,145,256,116,326,378,253,262,309,163,25,294,307,108,290,142,170,356,331,391,374,5,339,122,380,251,402,223,172,219,287,243,401,371,75,342,320,160,322,255,269,261,8,61,37,379,272,39,413,345,128,336,328,266,283,377,4,1,136,300,54,161,299,71,277,364,129,369,100,185,332,226,224,230,370,63],"visited_aisles":[1,44,43,32,18,6,11,63,82,71,62,24,19,14,73,51,48,5,79,41,80,13,2,7,56,21,34,35,39,72,75,49,45,20,16,58,61,26,3,28,17,47,22,68,67,69,77,8,38,52,78,57,36],"exec_time":0.00557306,"objective":3.30189}
