{"selected_orders":[10,47,32,33,34,35,36,37,38,39,40,41,42,43,44,45,46,30,48,49],"visited_aisles":[25,97,6,71,43,15,39,72,58,87,92,60,67,95,79,33,16,66,91,10,101,4,81],"exec_time":0.00266024,"objective":2.95652}
