{"selected_orders":[11,44,52,51,50,49,48,47,46,45,53,43,42,41,40,39,38,37,36,61,69,68,67,66,65,64,63,62,35,60,59,58,8],"visited_aisles":[87,70,77,124,159,216,136,80,126,229,249,277,31,100,144,273,2,4,8,47,53,88,89,90,94,113,114,148,150,160,182,218,255,269,5,7,10,13,21,52,61,71,78,86,102,109,133,143,149,158,162,170,188,197,206,208,214,242,279,280,286,294],"exec_time":0.0017874,"objective":2.46774}
