{"selected_orders":[64,27,67,37,20,29,59,19,44,63,25,33,55,11,49,17,36,4,50,57,31,30,51,58,38,6,68,61,0,3,18,40,8,54,13],"visited_aisles":[87,70,124,40,159,5,216,229,78,80,149,219,13,31,41,89,126,273,0,1,2,8,10,49,52,88,90,100,136,141,155,160,269,274,3,6,7,16,30,34,42,53,60,104,114,119,120,143,144,145,162,188,191,197,208,214,242,246,286,294],"exec_time":0.00324156,"objective":2.53333}
