{"selected_orders":[72,274,286,285,284,283,282,281,280,279,278,277,276,275,287,273,272,271,270,269,268,267,266,265,264,263,262,300,312,311,310,309,308,307,306,305,304,303,302,301,261,299,298,297,296,295,294,293,292,291,290,289,288,222,234,233,232,231,230,229,228,227,226,225,224,223,235,221,220,219,218,217,216,215,214,213,212,211,210,248,260,259,258,257,256,255,254,253,252,251,250,249,314,247,246,245,244,243,242,241,240,239,238,237,236,378,390,389,388,387,386,385,384,383,382,381,380,379,391,377,376,375,374,373,372,371,370,369,368,367,366,404,416,415,414,413,412,411,410,409,408,407,406,405,365,403,402,401,400,399,398,397,396,395,394,393,392,326,338,337,336,335,334,333,332,331,330,329,328,327,339,325,324,323,322],"visited_aisles":[1,63,43,25,18,48,32,19,62,5,6,82,71,44,75,2,24,21,26,7,55,11,58,73,72,20,53,51,45,80,35,14,56,49,70,79,61,28,34,38,22,78,52,77,12,17,67,3,16,69,39,57,68,59,36],"exec_time":0.0115972,"objective":3.18182}
