{"selected_orders":[334,268,119,198,284,279,43,287,200,342,286,52,1,207,93,258,265,123,340,73,301,354,305,232,109,91,114,300,331,78,348,317,204,27,60,175,224,263,327,328,29,321,0,95,134,169,110,313,164,40,276,87,137,382,311,208,23,120,146,143,274,329,306,398,372,269,62,51,302,66,152,19,31,195,58,239,11,401,397,101,221,267,407,400,257,402,20,124,275,246,241,126,349,9,403,156,84,266,219,242,206,76,150,132,171,217,231,209,151,387,117,49,339,133,34,2,261,227,180,121,326,247,70,80,343,256,350,33,308,56,371,170,216,79,113,259,251,283,17,293,344,270,389,288,115,253,118,291,55,351,13,69,94,228,358,203,181,136,21,225,125,260,85,187,245,262,404,57,234,7,3,264,184,230,14],"visited_aisles":[18,1,44,82,63,80,11,32,45,2,20,35,22,24,75,26,34,38,39,51,73,7,9,13,19,21,49,55,58,62,67,69,70,78,79,3,5,6,8,14,28,57,60,68,71],"exec_time":0.00402061,"objective":3.88889}
