{"selected_orders":[14,91,84,85,87,88,89,90,83,92,93,94,95,96,98,99,101,82,81,80,79,78,77,76,75,74,73,72,71,70,69,68,125,117,118,119,120,121,122,123,124,116,126,127,128,129],"visited_aisles":[31,181,143,144,104,101,331,317,227,142,230,63,299,60,62,145,28,124,21,205,84,81,214,241,274,206,41,283,253,287,138,30,69,215,249,237,290,198,123,209,186,233,154,160,166,194,225,100,201,271,286,45,49,333,178,174,168,165,161,238,262,282,289,302,115,29,112,38,43,127,234,78,275,121,224,337,90,107],"exec_time":0.00812122,"objective":2.25641}
