{"selected_orders":[46,41,54,35,5,12,43,31,19,15,42,52,1,9,37,44,16,55],"visited_aisles":[71,89,35,97,82,9,38,88,91,1,25,43,27,29,39,41,45,57,80],"exec_time":0.00151906,"objective":3.57895}
