{"selected_orders":[46,31,32,33,34,35,36,37,38,39,40,41,42,43,45,30,47,48,49,50],"visited_aisles":[6,97,25,39,15,71,72,87,40,79,16,33,66,91,1,3,4,10,12,27,43,70,81,101],"exec_time":0.000553495,"objective":2.83333}
