{"selected_orders":[29,64,61,59,11,6,42,30,18,41,50,43,9,0,52,16,36,5,21,54,44,67,3,33,17,45,55,38,19,58,7],"visited_aisles":[159,87,124,50,287,24,123,262,229,16,49,286,52,125,88,70,269,90,197,196,160,77,167,180,283,216,248,0,237,235,136,193,80,219,257,149,8,94,31,44,7,186,170,227,182,10,141,3,135,191,155,78,246,282,238,240,242,273,188,279,1,275,299,294,81,104,145,158],"exec_time":0.0121811,"objective":2.23529}
