{"selected_orders":[48,92,85,87,88,89,90,91,84,93,94,95,96,98,99,76,68,69,70,71,72,73,74,75,100,77,78,79,80,81,82,83,125,117,118,119,120,121,122,123,124,116,127],"visited_aisles":[181,31,227,132,28,331,8,92,49,287,26,60,186,201,207,214,249,253,271,286,30,44,69,70,81,101,127,160,206,237,290,2,4,19,29,38,43,45,62,63,65,66,78,79,82,84,88,97,102,103,104,107,112,115,121,123,124,138,143,152,161,165,194,225,234,238,270,282,317,337],"exec_time":0.00334718,"objective":2.52857}
