{"selected_orders":[60,59,58,57,56,55,54,53,52,51,61,49,48,47,46,45,44,43,42,0,71,81,80,79,78,77],"visited_aisles":[70,51,89,56,61,43,90,93,4,21,65,78,5,16,39,42,47,58,67,79,83,6,9,17,26,27,44,48,50,52,60,72,84,102,105,116],"exec_time":0.00374516,"objective":2.91667}
