{"selected_orders":[65,92,84,85,87,88,89,90,91,83,93,94,95,96,98,99,100,82,81,80,79,78,77,76,75,74,73,72,71,70,69,68,125,117,118,119,120,121,122,123,124,116,126,127,128,129,130,131,132,115],"visited_aisles":[181,31,227,28,331,290,23,204,283,47,49,60,124,201,207,245,253,271,18,44,63,86,97,101,107,127,160,193,206,234,237,262,282,299,304,0,2,4,6,12,16,19,29,38,43,45,56,57,62,66,78,79,84,90,100,102,103,104,112,115,121,123,138,143,151,152,161,165,194,224,238,270,275,286,317,337],"exec_time":0.00598113,"objective":2.32895}
