{"selected_orders":[44,52,51,50,49,48,47,46,45,53,43,42,41,40,39,38,37,36,61,69,68,67,66,65,64,63,62,35,60,59,58,57],"visited_aisles":[87,70,77,124,159,216,136,80,126,229,249,258,277,31,100,114,273,4,8,47,53,78,88,89,90,113,133,137,140,148,150,160,182,218,269,7,10,13,52,61,71,86,102,109,144,149,158,162,170,188,197,206,214,242,255,279,280,286],"exec_time":0.0039224,"objective":2.62069}
