{"selected_orders":[11,29,55,40,10,17,58,66,52,57,45,15,62,41,19,30,60,6,21,51,75,53,0,71,2,64],"visited_aisles":[70,61,89,56,63,16,90,83,35,43,78,99,5,9,17,55,84,91,0,6,23,26,28,44,58,60,65,67,72,102,108,116,121],"exec_time":0.000818289,"objective":3.21212}
