{"selected_orders":[10,51,27,45,30,15,54,31,26,11,56,8,7,33,34,43,36,25,44,24,47,50,42,39,23,48,21,18],"visited_aisles":[43,63,97,6,12,91,101,79,13,16,17,66,68,3,4,10,15,19,27,33,35,45,70,71,82,92,103,112],"exec_time":0.0015733,"objective":2.35714}
