{"selected_orders":[1,4,5,6,13,2,3,7,15,0,14],"visited_aisles":[70,54,2,28,19,75,30,67,72,20,38,55,12,10,4,60,69,76,77,80,9],"exec_time":0.000723787,"objective":1.71429}
