{"selected_orders":[10,87,121,110,64,38,68,37,91,27,115,16,51,63,101,72,82,105,32,25,69,11,117,93,124,125,28,118,43,18,80,29,97,96,1,100,26,4,8,79,84,34,55,132,6,77,73,15,42,81,108,70,39,114,92],"visited_aisles":[31,101,102,188,181,41,144,164,2,49,53,97,291,323,55,138,145,199,237,277,286,30,44,60,69,86,107,119,180,206,218,308,314,317,330,334,0,6,10,11,14,38,46,62,64,66,81,89,108,109,112,115,123,124,127,133,137,142,143,170,171,194,201,217,219,225,234,252,282,287,307,331,337],"exec_time":0.0041134,"objective":2.42466}
