{"selected_orders":[43,7,2,23,46,54,27,50,33,57,44,32,17,40,0,9,37,22,51,36,34],"visited_aisles":[35,58,64,25,97,43,90,72,15,71,67,33,9,108,110,29,79,95,10,3,69,17,103,83,38,70],"exec_time":0.00425629,"objective":2.61538}
