{"selected_orders":[11,56,61,62,60,59,58,57,55,54,53,52,51,49,48,47,46,45,44,43,42,72,81,80,79,78,70],"visited_aisles":[43,51,61,89,70,93,100,21,47,5,16,39,40,42,83,91,92,99,6,26,27,44,48,50,52,58,65,67,72,78,84,102,105],"exec_time":0.00162494,"objective":3.21212}
