{"selected_orders":[44,52,51,50,49,48,47,46,45,53,43,41,40,39,38,37,36,0,61,69,68,67,66,65,64,63,62,35,60,59,58,57],"visited_aisles":[87,70,77,124,159,216,258,80,126,229,249,277,31,100,114,273,274,8,47,53,78,88,89,90,113,133,140,141,148,150,160,182,218,269,4,7,10,13,21,22,52,61,71,86,102,109,144,149,158,162,170,188,197,206,214,242,255,279,280,286],"exec_time":0.00436962,"objective":2.53333}
