{"selected_orders":[0,1,2,4,5,6,7,8,9,13],"visited_aisles":[70,32,19,28,54,74,75,55,38,60,23,7,50,43,4,2,63,69,76,77,80,90,9,12],"exec_time":0.000544058,"objective":1.54167}
