{"selected_orders":[44,12,47,32,33,34,35,36,37,38,39,40,41,42,43,45,46,30,48,50],"visited_aisles":[25,6,97,43,71,15,72,58,79,82,67,16,90,95,39,60,66,33,88,87,91,69,10,4,70,101,3],"exec_time":0.00125776,"objective":2.48148}
