{"selected_orders":[0,1,2,3,4,5,6,7,8,10,13],"visited_aisles":[2,23,70,19,28,54,0,32,58,1,4,9,12,14,29,69,76,77,80],"exec_time":0.00263516,"objective":2.10526}
