{"selected_orders":[0,1,2,3,4,6,7,8,9,13],"visited_aisles":[2,70,19,28,54,74,0,32,50,4,7,9,11,12,13,23,29,69,76,77,80,90],"exec_time":0.00124479,"objective":1.77273}
