{"selected_orders":[65,92,84,85,87,88,89,90,91,83,93,94,95,96,98,99,100,82,81,80,79,78,77,76,75,74,73,72,71,70,69,68,125,117,118,119,120,121,122,123,124,116,126,127,128,129,130,131,132,115],"visited_aisles":[181,143,104,144,101,31,317,331,227,230,102,142,63,60,299,124,28,21,283,81,287,290,138,214,215,253,54,204,62,206,69,198,190,84,274,234,237,151,241,123,30,23,186,249,217,286,225,245,267,269,271,201,304,49,188,168,322,238,29,174,194,335,233,228,166,165,289,38,282,43,44,115,107,127,308,275,337,224,78,90,112,121,100],"exec_time":0.00918977,"objective":2.13253}
