{"selected_orders":[177,87,144,137,357,300,209,408,152,269,402,168,351,223,281,72,226,105,213,25,69,395,409,234,261,260,338,323,164,18,80,29,212,96,337,166,325,216,148,295,365,161,363,342,328,77,73,15,150,251,332,410,231,299,355,221,90,14,208,275,396,388,227,71,12,218,195,215,314,2,311,293,102,22,247,189,48,412,413,95,54,182,141,135,24,181,128,127,44,88,239,278,276,243,75,94,303,174,399,205,302,344,147,186,219,289,301,5,288,113,50,214,167,267,17,359,9,85,335,282,111,199,175,330,356,89,112,256,130,347,60,353,367,165,368,350,41,110,320,30,119,61,64,308,202,316,100,169,200,273,406,36,309,358,271,201,120,193,162,404,173,34,98,397,339,66,146,170,264,379,381,1,156,336,52],"visited_aisles":[63,71,5,62,28,1,18,11,14,44,72,75,19,34,39,73,2,6,9,32,35,52,55,77,80,7,20,38,40,48,49,57,78,3,16,17,21,22,41,45,51,67,68,69,79,82],"exec_time":0.00260747,"objective":3.80435}
