{"selected_orders":[92,84,85,87,88,89,90,91,83,93,94,95,96,98,99,75,67,68,69,70,71,72,73,74,100,76,77,78,79,80,81,82,125,117,118,119,120,121,122,123,124,116,126,127,128,129,130,131,132,115,114],"visited_aisles":[181,31,227,28,331,204,23,101,124,283,49,63,201,207,214,245,249,253,271,44,86,107,127,160,206,237,262,282,286,290,299,0,4,5,6,12,16,17,19,29,38,43,45,56,57,60,61,62,66,78,79,84,90,97,100,102,103,104,112,115,119,121,123,138,143,151,152,161,165,194,224,225,234,238,270,275,317,337],"exec_time":0.00600149,"objective":2.26923}
