{"selected_orders":[29,64,61,59,11,6,42,30,18,71,43,9,75,52,16,36,5,72,54,44,67,80,33,17,45,38,76],"visited_aisles":[16,0,70,90,100,91,2,5,58,78,83,23,26,42,43,60,84,93,110,6,18,27,28,29,33,52,79,102,108,111],"exec_time":0.00297491,"objective":3.53333}
