{"selected_orders":[334,273,285,284,283,282,281,280,279,278,277,276,275,274,287,272,271,270,269,268,267,266,265,264,263,262,261,299,311,310,309,308,307,306,305,304,303,302,301,300,286,298,297,296,295,294,293,292,291,290,289,288,260,221,233,232,231,230,229,228,227,226,225,224,223,222,234,220,219,218,217,216,215,214,213,212,211,210,209,247,259,258,257,256,255,254,253,252,251,250,249,248,313,246,245,244,243,242,241,240,239,238,237,236,235,378,390,389,388,387,386,385,384,383,382,381,380,379,391,377,376,375,374,373,372,371,370,369,368,367,366,404,416,415,414,413,412,411,410,409,408,407,406,405,365,403,402,401,400,399,398,397,396,395,394,393,392,325,338,337,336,335,333,332,331,330,329,328,327,326,339,324,323,322,321],"visited_aisles":[1,63,43,48,25,32,19,18,6,82,71,62,44,5,2,21,24,75,73,72,11,7,58,26,64,35,51,53,55,20,14,45,80,49,70,61,34,56,28,79,22,78,38,42,52,77,39,69,12,67,17,3,16,57,68,59,36],"exec_time":0.00819537,"objective":3.07018}
