{"selected_orders":[5,92,84,85,87,88,89,90,91,83,93,94,95,96,98,99,101,82,81,80,79,78,77,76,75,74,73,72,71,70,69,68,125,117,118,119,120,121,122,123,124,116,126,127,128,129,130,131],"visited_aisles":[31,181,227,331,28,214,124,283,49,60,145,186,201,205,207,245,253,271,30,44,63,69,101,127,160,174,193,206,237,262,290,299,315,2,4,16,17,19,29,38,43,45,62,66,78,79,84,90,97,100,104,107,112,115,121,123,143,151,152,161,165,194,224,225,234,238,275,282,286,317,337],"exec_time":0.00387506,"objective":2.49296}
