{"selected_orders":[5,51,61,62,60,59,58,57,56,55,54,53,52,49,48,47,46,45,44,43,42,72,81,80,79,78,76],"visited_aisles":[43,16,70,51,80,24,102,92,61,93,99,68,66,47,79,39,21,78,67,44,40,5,52,72,55,58,63,83,97,84,65,42,48,26,105,6],"exec_time":0.00590047,"objective":2.94444}
