{"selected_orders":[61,44,51,53,50,49,48,47,46,45,43,42,41,40,39,38,37,36,60,69,68,67,66,65,64,63,62,52,59,58,57,56,55,16],"visited_aisles":[87,159,229,123,124,70,16,24,77,197,125,88,280,286,216,136,160,277,180,90,114,196,80,274,269,47,126,52,111,258,100,237,169,238,137,113,242,133,236,78,79,86,140,193,8,31,278,162,273,61,144,182,149,170,150,163,213,53,295,4,255,240,102,275,215,279,109,1,158,188],"exec_time":0.00859362,"objective":2.18571}
