{"selected_orders":[78,62,30,29,28,27,46,48,24,49,52,21,20,45,32,17,59,14,44,66,67,43,70,8,7,42,40,37,2,38,54,41,56,64,68,73,75,76,81,39,1,4,31,25,23],"visited_aisles":[39,70,100,5,93,56,78,58,80,97,9,61,72,83,16,42,66,67,6,17,20,21,23,25,28,44,47,51,52,79,84,86,92,102,106,108,109,110],"exec_time":0.00601953,"objective":2.73684}
