{"selected_orders":[7,47,32,33,34,35,36,37,38,39,40,41,42,43,44,45,46,30,48,49],"visited_aisles":[6,97,25,43,58,71,15,87,79,39,72,60,95,67,110,33,66,16,91,101,10,81,83],"exec_time":0.00168961,"objective":2.95652}
