{"selected_orders":[166,303,2,338,309,85,221,94,325,93,91,310,269,114,6,365,205,214,151,352,232,332,19,155,153,125,41,156,236,88,24,23,55,130,76,82,376,368,89,10,357,162,253,186,5,123,179,13,219,99,378,39,34,268,405,252,328,121,216,173,250,25,73,380,133,52,394,393,3,137,392,9,4,416,61,289,382,370,63,49,262,377,64,165,168,317,131,379,217,228,316,57,285,344,290,36,212,40,227,56,348,11,230,193,190,410,48,326,112,366,311,215,71,404,158,319,308,136,372,327,239,355,364,98,218,113,400,128,200,333,118,234,90,92,358,105,220,359,96,346,87,341,281,347,334,362,147,360,245,51,302,169,286,152,154,258,406,28,75,381,242,53,117,129,184,163,203,331,337,29,178,243,45,411,330],"visited_aisles":[18,43,19,11,44,1,63,62,5,48,32,82,71,6,25,7,24,49,73,2,21,45,51,28,40,80,13,55,35,34,58,72,26,39,14,75,42,8,17,20,68,38,57,78],"exec_time":0.00804539,"objective":3.97727}
