{"selected_orders":[99,54,94,51,49,96,47,46,98,55,100,42,41,40,103,37,35,36,57,91,87,84,83,82,63,64,78,67,68,77,74,73,72,20,8,9,10,127,12,13,125,124,16,17,33,6,120,5,118,23,116,32,26,27,21,114,113,130,109,107,131,128,132,129,93,79,92,121,95,115,102,1,105,71,56,15,25,11,60],"visited_aisles":[41,262,218,83,40,1,23,30,49,60,130,238,321,12,44,61,63,78,107,180,194,225,286,45,53,57,68,86,124,127,132,138,149,161,250,253,275,290,299,307,317,334,335,0,3,4,5,14,29,33,38,46,55,56,62,64,66,76,84,89,97,100,102,112,115,119,133,137,151,170,174,193,196,201,217,227,234,261,270,271,282,330,337],"exec_time":0.00349227,"objective":2.12048}
