{"selected_orders":[64,27,67,72,20,79,59,19,44,63,25,33,55,11,49,17,73,4,70,57,31,30,75,58,38,6,81,78],"visited_aisles":[16,89,61,92,100,102,5,7,47,58,83,97,21,23,39,90,91,99,17,20,28,43,48,65,67,70,72,84,86,93,105,108,110],"exec_time":0.000876627,"objective":3.21212}
