{"selected_orders":[46,31,32,33,34,35,36,37,38,39,40,41,42,44,45,30,47,48,49,51],"visited_aisles":[6,97,25,39,87,15,71,72,79,101,16,33,66,91,1,4,10,12,17,27,43,45,81],"exec_time":0.00207638,"objective":2.95652}
