{"selected_orders":[22,46,32,33,34,35,36,37,38,39,40,41,42,43,44,45,30,47,48,50],"visited_aisles":[6,97,58,25,10,15,71,95,16,79,33,66,69,91,1,3,4,12,29,38,43,70,101],"exec_time":0.000634527,"objective":2.95652}
