{"selected_orders":[0,286,262,285,284,283,282,281,280,279,278,277,276,275,274,273,272,271,270,269,268,267,266,265,264,263,312,300,313,311,310,309,308,307,306,305,304,303,302,301,287,299,298,297,296,295,294,293,292,291,290,289,288,222,234,233,232,231,230,229,228,227,226,225,224,223,235,221,220,219,218,217,216,215,214,213,212,211,210,248,260,259,258,257,256,255,254,253,252,251,250,249,261,247,246,245,244,243,242,241,240,239,238,237,236,378,390,389,388,387,386,385,384,383,382,381,380,379,391,377,376,375,374,373,372,371,370,369,368,367,366,404,416,415,414,413,412,411,410,409,408,407,406,405,365,403,402,401,400,399,398,397,396,395,394,393,392,326,338,337,336,335,334,333,332,331,330,329,328,327,339,325,324,323,322],"visited_aisles":[1,18,48,26,43,25,58,82,63,53,62,80,38,78,2,5,6,7,19,20,24,8,22,28,35,39,55,57,69,73,77,3,11,14,16,17,21,27,34,36,44,45,49,51,56,61,67,68,70,72,79],"exec_time":0.00248807,"objective":3.43137}
