{"selected_orders":[5,92,84,85,87,88,89,90,91,83,93,94,95,96,98,99,101,82,81,80,79,78,77,76,75,74,73,72,71,70,69,68,125,117,118,119,120,121,122,123,124,116,126,127,128,129,130,131],"visited_aisles":[31,181,143,104,144,101,331,317,227,230,63,142,299,60,28,124,145,62,214,21,205,283,287,81,138,253,69,30,290,151,123,198,206,237,274,84,241,271,127,286,225,4,190,201,249,186,29,44,53,49,130,115,194,178,174,168,165,161,233,238,289,114,282,45,38,112,224,337,199,275,234,100,43,107,121,90],"exec_time":0.0115855,"objective":2.32895}
