{"selected_orders":[61,60,59,58,57,56,55,54,53,52,62,49,48,47,46,45,44,43,42,0,72,81,80,79,78,77,76,70],"visited_aisles":[43,51,89,70,93,61,21,65,4,47,79,5,13,39,42,58,83,92,106,6,16,26,27,44,48,52,60,72,78,84,102,105,116],"exec_time":0.00692483,"objective":3.21212}
