{"selected_orders":[5,19,17,30,47,24,76,69,43,36,77,53,11,74,2,55,62,28,63,41,75,18,51,44,38,59,70],"visited_aisles":[70,16,43,102,61,91,51,80,92,63,99,60,86,97,58,78,28,0,100,23,2,55,72,4,42,29,79,62,87,84,83,32,106,44,110],"exec_time":0.00444216,"objective":3.02857}
