{"selected_orders":[48,92,85,87,88,89,90,91,84,93,94,95,96,98,99,76,68,69,70,71,72,73,74,75,100,77,78,79,80,81,82,83,125,117,118,119,120,121,122,123,124,116,127],"visited_aisles":[181,143,144,104,101,31,317,227,331,102,132,230,49,142,63,60,28,21,299,287,92,8,124,205,69,214,81,62,84,138,253,123,274,186,175,201,198,329,206,237,30,286,249,290,26,271,2,115,238,282,127,262,225,194,289,301,302,165,161,29,38,333,86,43,45,199,337,270,233,234,152,107,112,121],"exec_time":0.0181853,"objective":2.39189}
