{"selected_orders":[53,46,31,32,33,34,35,36,37,38,39,40,41,42,43,44],"visited_aisles":[99,97,25,58,15,52,71,72,79,1,6,87,4,27,33,39,43,45],"exec_time":0.000763244,"objective":3.77778}
