{"selected_orders":[29,64,61,59,11,6,42,30,18,41,50,43,9,0,52,16,36,5,21,54,44,67,3,33,17,45,55,38,19,58,7],"visited_aisles":[87,124,70,159,77,167,0,16,24,80,219,269,8,31,52,94,123,2,10,49,78,88,89,96,141,155,160,182,1,3,4,7,18,50,73,81,101,104,136,143,145,149,158,170,180,188,191,197,206,216,218,240,242,246,279,286,294,299],"exec_time":0.00163963,"objective":2.62069}
