{"selected_orders":[3,0,1,2,4,5,6,7,8,9],"visited_aisles":[2,28,70,19,54,74,0,32,50,4,7,9,11,12,13,14,23,29,76,80,90],"exec_time":0.000254486,"objective":1.85714}
