{"selected_orders":[61,60,59,58,57,56,55,54,53,52,62,49,48,47,46,45,44,43,42,0,72,81,80,79,78,77,76,70],"visited_aisles":[43,16,70,51,80,102,24,92,93,21,99,61,66,58,79,67,86,44,39,100,47,4,94,72,113,65,52,78,97,123,83,116,5,42,48,105,35,84,6],"exec_time":0.00215346,"objective":2.71795}
