{"selected_orders":[0,1,2,3,4,5,6,7,8,9],"visited_aisles":[2,28,70,19,54,74,0,32,50,4,7,9,11,12,13,14,23,29,76,80,90],"exec_time":0.000274217,"objective":1.85714}
