{"selected_orders":[11,29,55,40,10,17,58,66,52,57,45,15,62,41,19,30,60,6,21,51,75,53,0,71,2,64],"visited_aisles":[70,43,102,16,61,56,89,91,63,90,55,107,24,35,0,83,78,92,99,26,9,67,17,44,84,58,60,5,101,108,65,28,116,121,6],"exec_time":0.00545137,"objective":3.02857}
