{"selected_orders":[51,61,60,59,58,57,56,55,54,53,52,62,49,48,47,46,45,44,43,42,0,72,81,80,79,78,76],"visited_aisles":[43,16,70,51,80,24,102,92,93,61,0,21,79,99,66,58,39,113,44,72,47,52,94,55,67,98,40,83,5,116,65,84,42,48,97,105,6,26],"exec_time":0.0084326,"objective":2.78947}
