{"selected_orders":[0,2,3,4,5,6,7,8,9,13],"visited_aisles":[2,70,28,54,74,0,19,32,50,4,7,9,11,12,13,14,23,29,69,76,77,80,90],"exec_time":0.000191299,"objective":1.69565}
