{"selected_orders":[51,61,60,59,58,57,56,55,54,53,52,62,49,48,47,46,45,44,43,42,72,81,80,79,78,77,76],"visited_aisles":[43,16,70,51,80,102,24,92,93,61,99,21,66,79,44,39,47,4,52,55,58,72,113,67,87,78,123,97,83,5,42,65,84,48,105,35,6],"exec_time":0.00836763,"objective":2.86486}
