{"selected_orders":[9,0,1,2,3,4,5,6,7,8],"visited_aisles":[2,28,70,19,54,74,0,32,50,4,7,9,11,12,13,14,23,29,76,80,90],"exec_time":0.00023818,"objective":1.85714}
