{"selected_orders":[11,0,1,2,3,4,5,6,7,8,13],"visited_aisles":[70,2,16,19,28,54,74,0,32,48,1,4,9,12,14,29,46,69,76,77,80,90],"exec_time":0.00027221,"objective":1.81818}
