{"selected_orders":[44,14,2,42,12,85,77,94,122,93,91,109,114,6,7,120,95,29,27,119,17,19,107,83,125,41,53,8,88,24,23,55,130,76,82,43,67,89,10,54,117,70,100,5,123,80,13],"visited_aisles":[104,143,181,101,144,252,317,98,230,331,142,102,227,3,205,81,274,296,84,28,250,30,160,97,186,198,83,328,271,123,124,137,138,145,290,207,209,237,249,253,190,277,265,206,44,21,42,130,215,229,121,152,2,76,78,55,29,164,217,187,211,170,200,308,311,286,327,233,238,9,61,132,68,127,151,131,119,89,49,307,321,38,133,64],"exec_time":0.0144199,"objective":2.10714}
