{"selected_orders":[60,59,58,57,56,55,54,53,52,51,61,49,48,47,46,45,44,43,42,0,71,81,80,79,78,77],"visited_aisles":[70,51,102,80,43,24,0,92,16,56,61,21,90,60,99,93,58,44,86,55,94,79,113,4,123,78,52,39,83,116,5,65,67,72,42,97,105,84,6,26,48],"exec_time":0.00996545,"objective":2.56098}
