{"selected_orders":[64,51,60,59,58,57,56,55,54,53,52,62,49,48,47,46,45,44,43,42,72,81,80,79,78,77,76],"visited_aisles":[4,5,6,16,21,42,43,44,48,52,55,56,61,64,65,70,72,76,79,83,84,89,92,93,97,98,99,102,105,106,108,117],"exec_time":0.030495,"objective":3.28125}
