{"selected_orders":[3,0,1,2,4,5,6,7,8,9],"visited_aisles":[2,70,28,75,19,54,55,74,32,38,23,60,43,50,0,4,7,63,90,76,80,9,12],"exec_time":0.00285062,"objective":1.69565}
