{"selected_orders":[14,91,84,85,87,88,89,90,83,92,93,94,95,96,98,99,101,82,81,80,79,78,77,76,75,74,73,72,71,70,69,68,125,117,118,119,120,121,122,123,124,116,126,127,128,129],"visited_aisles":[31,181,227,331,28,206,186,209,214,283,49,60,145,201,205,253,271,286,333,44,69,81,84,101,124,127,160,237,249,290,299,5,16,17,19,29,38,43,45,62,63,65,66,78,79,88,90,97,100,104,107,112,115,121,123,138,143,152,161,165,194,224,225,234,238,275,282,317,337],"exec_time":0.0309485,"objective":2.55072}
