{"selected_orders":[1,2,3,4,5,6,7,8,9,13,15],"visited_aisles":[2,4,7,12,23,28,30,32,36,44,45,50,54,63,69,70,72,77,78,80,83,90],"exec_time":0.0120367,"objective":1.81818}
