{"selected_orders":[11,0,1,2,3,4,5,6,7,8,13],"visited_aisles":[70,2,28,32,75,74,19,55,54,16,33,48,53,60,90,0,4,69,9,76,77,80,12,46],"exec_time":0.00395793,"objective":1.66667}
