{"selected_orders":[46,41,54,35,5,12,43,31,19,15,42,52,1,9,37,44,16,55],"visited_aisles":[1,9,25,27,35,41,43,57,69,71,72,80,82,88,89,91,95,97],"exec_time":0.0214118,"objective":3.77778}
