{"selected_orders":[44,52,51,50,49,48,47,46,45,53,43,41,40,39,38,37,36,0,61,69,68,67,66,65,64,63,62,35,60,59,58,57],"visited_aisles":[87,159,229,123,124,16,70,24,197,77,216,125,280,88,286,196,114,277,90,142,160,258,126,52,249,269,80,136,100,79,113,8,78,295,148,144,274,273,140,31,86,218,137,162,163,150,149,141,133,182,192,242,47,53,255,4,275,170,279,214,215,209,188,102,158,109],"exec_time":0.0541549,"objective":2.30303}
