{"selected_orders":[61,60,59,58,57,55,54,53,52,51,62,49,48,47,46,45,44,43,42,0,72,81,80,79,78,77,70],"visited_aisles":[4,5,6,16,21,35,42,43,44,48,52,55,56,58,61,64,65,70,72,76,78,83,89,92,93,97,99,100,102,105,106,112,116],"exec_time":0.0189632,"objective":3.21212}
