{"selected_orders":[64,27,67,37,20,29,59,19,44,63,25,33,55,11,49,17,36,4,50,57,31,30,51,58,38,6,68,61,0,3,18,40,8,54,13],"visited_aisles":[0,1,2,3,8,10,16,31,40,41,42,49,52,70,78,79,80,88,89,90,100,104,114,119,123,124,127,136,141,144,145,149,155,157,159,160,162,174,188,197,198,208,216,229,236,242,246,269,273,274,282,286,294,295,297,299],"exec_time":0.0235492,"objective":2.71429}
