{"selected_orders":[44,92,85,87,88,89,90,91,84,93,94,95,96,98,99,76,68,69,70,71,72,73,74,75,100,77,78,79,80,81,82,83,125,117,118,119,120,121,122,123,124,116,126,127,128,129,130,131,132],"visited_aisles":[181,31,227,28,331,198,54,214,283,287,49,60,186,201,207,245,253,271,3,30,44,63,101,107,124,127,160,174,193,206,237,262,290,299,2,4,19,29,38,43,45,57,62,66,78,79,84,90,97,100,102,103,104,112,115,121,123,138,143,151,152,161,165,194,200,224,225,234,238,270,275,282,286,317,337],"exec_time":0.0192622,"objective":2.34667}
