{"selected_orders":[61,67,9,25,59,66,5,35,68,38,43,54,33,17,44,53,34,69],"visited_aisles":[87,159,124,16,49,50,287,24,123,229,125,286,262,88,269,52,90,160,180,40,70,197,280,167,196,277,77,80,216,31,79,249,42,41,78,10,7,148,114,295,8,178,21,188,102,218,104,109,224,3,155,279,149],"exec_time":0.0335739,"objective":2.88679}
