{"selected_orders":[177,87,144,137,357,300,209,408,152,269,402,168,351,223,281,72,226,105,213,25,69,395,409,234,261,260,338,323,164,18,80,29,212,96,337,166,325,216,148,295,365,161,363,342,328,77,73,15,150,251,332,410,231,299,355,221,90,14,208,275,396,388,227,71,12,218,195,215,314,2,311,293,102,22,247,189,48,412,413,95,54,182,141,135,24,181,128,127,44,88,239,278,276,243,75,94,303,174,399,205,302,344,147,186,219,289,301,5,288,113,50,214,167,267,17,359,9,85,335,282,111,199,175,330,356,89,112,256,130,347,60,353,367,165,368,350,41,110,320,30,119,61,64,308,202,316,100,169,200,273,406,36,309,358,271,201,120,193,162,404,173,34,98,397,339,66,146,170,264,379,381,1,156,336,52],"visited_aisles":[1,2,3,5,6,7,9,11,14,16,17,18,19,20,21,22,28,32,34,35,38,39,40,41,44,45,48,49,51,52,55,57,62,63,67,68,69,71,72,73,75,77,78,79,80,82],"exec_time":0.0213878,"objective":3.80435}
