{"selected_orders":[29,64,61,59,11,6,42,30,18,41,50,43,9,0,52,16,36,5,21,54,44,67,3,33,17,45,55,38,19,58,7],"visited_aisles":[0,1,3,8,10,16,31,49,50,52,70,77,78,79,80,81,88,89,90,94,96,104,123,124,141,145,149,155,158,159,160,170,176,180,182,188,193,197,216,219,229,231,235,237,238,240,242,246,269,273,275,279,282,286,294,297,299],"exec_time":0.0227029,"objective":2.66667}
