{"selected_orders":[48,92,85,87,88,89,90,91,84,93,94,95,96,98,99,76,68,69,70,71,72,73,74,75,100,77,78,79,80,81,82,83,125,117,118,119,120,121,122,123,124,116,127],"visited_aisles":[2,8,18,21,26,29,31,38,49,60,62,63,69,81,84,86,92,97,102,104,107,112,115,121,123,124,127,132,142,143,144,165,168,180,181,186,194,198,199,201,206,209,227,228,233,237,238,240,249,253,259,267,271,286,287,289,290,299,300,301,302,304,305,308,317,331,333,337],"exec_time":0.0236599,"objective":2.60294}
