{"selected_orders":[1,0,2,3,4,5,6,7,8,9],"visited_aisles":[2,70,28,75,19,54,55,74,32,38,23,60,43,50,0,4,7,63,90,76,80,9,12],"exec_time":0.00324017,"objective":1.69565}
