{"selected_orders":[61,44,51,53,50,49,48,47,46,45,43,42,41,40,39,38,37,36,60,69,68,67,66,65,64,63,62,52,59,58,57,56,55,16],"visited_aisles":[87,70,77,124,159,216,136,80,100,126,229,277,31,114,146,258,273,4,8,47,53,78,88,89,90,113,133,140,150,160,218,242,269,1,7,10,13,21,44,52,61,71,73,86,102,109,144,149,158,162,170,188,197,206,213,214,240,255,278,279,280,286],"exec_time":0.0097124,"objective":2.46774}
