{"selected_orders":[10,87,121,110,64,38,68,37,91,27,115,16,51,63,101,72,82,105,32,25,69,11,117,93,124,125,28,118,43,18,80,29,97,96,1,100,26,4,8,79,84,34,55,132,6,77,73,15,42,81,108,70,39,114,92],"visited_aisles":[2,11,14,30,31,38,41,49,53,55,60,62,69,86,89,92,93,97,101,102,107,110,112,115,119,123,124,127,133,137,138,142,143,144,145,161,164,180,181,194,199,201,206,207,208,217,218,225,237,252,269,277,282,286,287,289,291,293,297,300,302,307,308,314,316,317,321,322,324,330,331,334,337],"exec_time":0.0203065,"objective":2.42466}
