{"selected_orders":[49,56,23,33,24,4,6,41,65,22,48,7,54,42,14,15,2,40,11,36,43,10,50,16,46,1,35,64,26,53,66,59,57,38,27,55,8,63,69,29,60,3,32,21,12,18],"visited_aisles":[0,1,2,4,16,24,33,41,47,49,52,70,73,77,78,81,86,87,88,89,93,102,109,113,114,116,119,133,142,145,148,150,155,157,158,159,162,169,174,176,182,192,200,208,209,213,216,219,227,228,234,235,239,240,242,243,249,253,255,258,262,263,273,278,279,280,282,294,297,299,301],"exec_time":0.0338592,"objective":2.15493}
