{"selected_orders":[78,62,30,29,28,27,46,48,24,49,52,21,20,45,32,17,59,14,44,66,67,43,70,8,7,42,40,37,2,38,54,41,56,64,68,73,75,76,81,39,1,4,31,25,23],"visited_aisles":[6,9,16,17,20,25,28,39,42,44,47,52,58,61,66,67,70,72,78,79,80,83,84,86,90,92,93,97,100,101,102,106,108,109,110,113],"exec_time":0.0149818,"objective":2.88889}
