{"selected_orders":[5,0,3,1,15,12,6,14,7,13,4],"visited_aisles":[2,10,12,19,20,27,28,36,38,39,42,54,55,67,69,70,72,76,77,80,84],"exec_time":0.0127319,"objective":1.85714}
