{"selected_orders":[92,84,85,87,88,89,90,91,83,93,94,95,96,98,99,100,82,81,80,79,78,77,76,75,74,73,71,70,69,68,67,125,117,118,119,120,121,122,123,124,116,126,127,128,129,130,131,132,115,114,113],"visited_aisles":[181,143,104,144,101,31,317,227,331,102,142,63,230,299,124,28,214,21,205,274,283,287,253,204,329,81,138,215,286,61,290,69,249,54,186,84,123,23,206,151,30,198,237,190,245,271,302,76,110,86,168,160,49,321,234,201,29,228,217,225,0,267,180,282,233,194,165,238,337,335,38,115,121,107,289,127,275,270,224,90,100,78,112,119],"exec_time":0.0608281,"objective":2.10714}
