{"selected_orders":[78,62,30,29,28,27,46,48,24,49,52,21,20,45,32,17,59,14,44,66,67,43,70,8,7,42,40,37,2,38,54,41,56,64,68,73,75,76,81,39,1,4,31,25,23],"visited_aisles":[39,5,70,83,80,66,92,100,51,113,86,16,24,21,58,93,56,72,60,78,109,20,97,47,9,102,17,23,67,42,44,52,61,79,28,108,106,25,110,6,84],"exec_time":0.0351825,"objective":2.53659}
