{"selected_orders":[0,1,2,3,4,5,6,7,8,10,13],"visited_aisles":[0,1,2,4,12,19,23,28,32,36,54,55,60,69,70,74,76,77,80],"exec_time":0.0162481,"objective":2.10526}
