{"selected_orders":[10,19,50,12,38,59,37,53,27,33,16,51,40,13,31,48,30,25,11],"visited_aisles":[3,10,15,16,24,25,27,29,43,52,64,65,66,69,70,80,82,88,92,97,99,101,103,112],"exec_time":0.0271336,"objective":2.83333}
