{"selected_orders":[5,19,17,30,47,24,76,69,43,36,77,53,11,74,2,55,62,28,63,41,75,18,51,44,38,59,70],"visited_aisles":[0,4,16,23,28,29,32,42,43,44,55,60,61,62,63,70,72,79,80,83,84,87,90,91,92,97,100,102,103,106,110],"exec_time":0.0177023,"objective":3.41935}
