{"selected_orders":[64,51,60,59,58,57,56,55,54,53,52,62,49,48,47,46,45,44,43,42,72,81,80,79,78,77,76],"visited_aisles":[43,16,70,51,24,102,80,92,61,99,66,68,72,93,21,113,79,39,44,58,47,52,55,56,67,83,4,97,98,13,123,108,5,65,84,42,48,105,6],"exec_time":0.0148061,"objective":2.69231}
