{"selected_orders":[43,52,51,50,48,47,46,45,44,53,42,41,40,39,38,37,36,0,61,69,68,67,66,65,64,63,62,35,60,59,58,57,16],"visited_aisles":[4,8,31,47,52,53,70,77,78,79,86,87,88,89,90,100,102,109,111,113,114,124,126,133,136,137,141,144,148,149,150,158,159,160,170,182,188,197,209,215,216,218,221,229,235,236,240,242,249,255,258,269,273,275,277,279,280,286,295],"exec_time":0.0206963,"objective":2.59322}
