{"selected_orders":[5,68,59,1,51,37,50,49,48,47,46,45,44,43,42,41,40,39,38,69,52,53,54,55,56,57,58,60,61,62,63,64,65,66],"visited_aisles":[1,4,8,10,16,41,47,53,70,77,78,86,88,89,90,100,102,109,113,114,124,133,136,137,142,144,149,150,155,158,159,160,162,170,188,197,209,213,216,218,229,235,236,237,242,255,258,262,269,273,275,278,279,280,295,302],"exec_time":0.0217518,"objective":2.71429}
