{"selected_orders":[1,2,3,4,5,6,7,8,9,13,15],"visited_aisles":[2,28,70,74,0,19,32,45,50,54,4,7,9,12,13,14,22,23,30,69,77,80,90],"exec_time":0.000810042,"objective":1.73913}
