{"selected_orders":[61,60,59,58,57,55,54,53,52,51,62,49,48,47,46,45,44,43,42,0,72,81,80,79,78,77,70],"visited_aisles":[43,51,70,89,93,61,21,65,4,47,5,13,16,39,42,79,83,92,106,6,26,27,44,48,50,52,58,60,72,78,84,102,105,116],"exec_time":0.00508702,"objective":3.11765}
