{"selected_orders":[42,50,49,48,47,46,45,44,43,51,41,40,39,38,37,36,0,60,69,67,66,65,64,63,62,61,35,58,57,56,55,54,53,52,33],"visited_aisles":[159,124,77,216,32,89,123,258,100,249,277,16,47,52,78,114,146,273,280,4,8,49,53,70,88,90,113,133,136,140,141,148,150,160,182,218,242,1,7,10,13,21,31,61,71,86,102,109,144,149,155,158,162,170,188,197,206,213,214,255,278,279,286],"exec_time":0.0101572,"objective":2.42857}
