{"selected_orders":[22,57,21,60,25,4,12,7,48,23,49,50,55,43,32,20,16,41,38],"visited_aisles":[3,10,16,25,38,39,53,66,68,70,71,81,82,87,88,90,91,97,112],"exec_time":0.0236971,"objective":3.52632}
