{"selected_orders":[99,54,94,51,49,96,47,46,98,55,100,42,41,40,103,37,35,36,57,91,87,84,83,82,63,64,78,67,68,77,74,73,72,20,8,9,10,127,12,13,125,124,16,17,33,6,120,5,118,23,116,32,26,27,21,114,113,130,109,107,131,128,132,129,93,79,92,121,95,115,102,1,105,71,56,15,25,11,60],"visited_aisles":[5,29,30,33,38,40,41,45,46,49,53,55,57,60,61,62,63,64,76,84,89,92,100,102,107,112,115,119,124,127,133,137,138,146,149,151,161,170,174,180,186,188,194,196,198,199,201,203,217,218,225,227,238,249,250,253,262,271,275,286,289,295,299,300,302,303,305,307,308,317,322,329,330,334,335,337],"exec_time":0.0371155,"objective":2.31579}
