{"selected_orders":[5,19,17,30,47,24,48,69,43,36,56,53,11,23,2,55,62,28,63,41,21,18,51,44,38,50,6,59,29,57,33,1,54,65,68,42,66,45,27,12,0,58],"visited_aisles":[87,49,16,262,269,77,32,69,287,80,280,88,159,229,136,248,47,201,0,167,78,124,237,236,114,61,219,216,94,198,2,274,8,278,174,186,277,79,100,169,113,150,144,137,133,232,33,222,242,213,243,261,141,246,155,1,282,191,227,273,102,101,10,255,145,119,55,299,294,109,279,275,158,104],"exec_time":0.0527776,"objective":2.06757}
