{"selected_orders":[42,51,50,49,48,47,46,45,43,52,41,40,39,38,37,36,0,60,69,68,67,66,65,64,63,62,35,59,58,57,56,55,54,53,9],"visited_aisles":[87,159,16,50,287,262,124,24,88,229,52,77,70,180,125,258,126,136,114,197,237,269,100,183,47,274,286,78,277,169,80,249,280,236,133,238,86,242,113,79,295,205,31,182,278,162,155,61,137,140,273,148,144,170,163,150,213,141,53,102,4,255,279,216,206,109,1,158],"exec_time":0.0474282,"objective":2.23529}
