{"selected_orders":[5,19,17,30,47,24,48,69,43,36,56,53,11,23,2,55,62,28,63,41,21,18,51,44,38,50,6,59,29,57,33,1,54,65,68,42,66,45,27,12,0,58],"visited_aisles":[0,1,8,10,16,24,33,47,49,55,70,77,78,80,88,94,96,100,102,104,109,113,114,119,124,133,136,137,141,144,145,150,155,158,159,167,174,180,194,198,201,209,213,216,231,232,236,242,243,246,253,255,262,263,269,273,275,277,278,279,280,282,294,296,297,299],"exec_time":0.0303462,"objective":2.31818}
