{"selected_orders":[51,61,60,59,58,57,56,55,54,53,52,62,48,47,46,45,44,43,42,0,72,81,80,79,78,77],"visited_aisles":[43,16,70,102,51,80,24,92,93,61,58,60,99,0,21,55,79,52,47,44,123,65,67,72,83,4,5,116,13,78,39,97,42,6,84,105,35,48],"exec_time":0.0178987,"objective":2.76316}
