{"selected_orders":[44,14,2,42,12,85,77,94,122,93,91,109,114,6,7,120,95,29,27,119,17,19,107,83,125,41,53,8,88,24,23,55,130,76,82,43,67,89,10,54,117,70,100,5,123,80,13],"visited_aisles":[104,98,230,181,331,28,3,30,97,101,102,129,137,207,237,103,130,155,271,277,290,2,9,44,94,132,147,180,186,198,238,311,11,19,29,38,42,49,55,61,64,68,76,78,84,89,108,119,121,123,124,127,131,133,143,146,151,152,160,200,211,217,229,233,252,262,270,286,296,307,317,327],"exec_time":0.0185735,"objective":2.45833}
