{"selected_orders":[46,92,85,87,88,89,90,91,84,93,94,95,96,98,99,76,68,69,70,71,72,73,74,75,100,77,78,79,80,81,82,83,125,117,118,119,120,121,122,123,124,116,126,127,128,129,130,131,132,115,114],"visited_aisles":[181,143,104,144,101,31,317,331,227,102,142,230,63,60,299,124,28,214,205,21,283,215,138,287,274,81,253,204,329,54,290,84,62,186,190,123,249,69,23,206,30,198,151,286,237,168,302,86,292,160,0,110,269,271,53,234,201,29,49,217,228,225,267,282,180,165,233,238,194,38,5,337,335,127,107,121,289,115,275,270,224,90,100,112,119,78],"exec_time":0.0754629,"objective":2.05814}
