{"selected_orders":[3,10,8,5,11,6,12,7],"visited_aisles":[2,23,39,16,32,0,27,28,48,54,58,9,14,19,46,80,90],"exec_time":0.000722784,"objective":2.29412}
