{"selected_orders":[42,50,49,48,47,46,45,44,43,51,41,40,39,38,37,36,0,60,69,67,66,65,64,63,62,61,35,58,57,56,55,54,53,52,33],"visited_aisles":[159,87,124,123,49,229,77,89,216,286,16,90,88,180,280,32,125,277,258,136,114,52,78,47,274,160,70,111,237,197,100,249,169,133,236,113,86,238,137,273,242,79,162,182,295,205,140,31,278,8,155,148,61,144,170,163,213,150,149,141,53,4,255,102,206,215,279,109,1,158,188],"exec_time":0.0476849,"objective":2.15493}
