{"selected_orders":[65,83,120,140,135,296,319,152,33,199,44,32,275,100,133,321,219,126,109,297,74,271,269,171,208,39,279,215,5,411,143,302,258,55,131,325,20,167,190,305,221,67,95,339,99,407,318,56,189,303,84,63,110,86,365,403,1,380,379,144,159,283,234,179,161,368,375,187,277,114,89,80,390,231,205,12,145,141,170,382,415,93,254,248,188,363,243,104,68,276,336,392,73,85,251,166,200,176,13,245,327,175,157,165,401,82,158,193,217,107,112,148,222,218,313,315,298,128,136,98,266,288,204,197,387,226,22,185,404,35,169,3,377,209,369,70,125,34,88,41,264,38,132,60,246,253,198,18,399,289,111,117,178,389,378,388,304,25,265,366,310,416,151,306,90,163,149,405,345,123,75,409,52,397,15],"visited_aisles":[1,2,3,5,6,7,9,10,11,13,14,16,18,19,20,24,25,26,28,34,35,38,39,40,44,48,49,51,52,55,57,58,60,62,63,67,70,71,72,73,77,78,79,80,82],"exec_time":0.0211856,"objective":3.88889}
