{"selected_orders":[11,0,1,2,3,4,5,6,7,8,13],"visited_aisles":[0,1,2,4,12,16,19,28,32,36,46,54,55,56,60,69,70,74,76,77,80,90],"exec_time":0.0138052,"objective":1.81818}
