{"selected_orders":[11,29,55,40,10,17,58,66,52,57,45,15,62,41,19,30,60,6,21,51,75,53,0,71,2,64],"visited_aisles":[5,6,9,16,17,21,26,28,35,43,44,55,58,60,61,63,65,67,70,78,83,84,89,90,91,101,102,107,108,116,121],"exec_time":0.024166,"objective":3.41935}
