{"selected_orders":[0,51,52,50,49,48,47,46,45,44,43,42,41,40,39,38,37,36,61,69,68,67,66,65,64,63,62,35,60,59,58,57,56],"visited_aisles":[87,70,77,124,159,216,136,80,126,229,249,258,277,31,100,114,273,4,8,47,53,78,88,89,90,113,133,140,141,148,150,160,182,242,269,7,10,26,52,61,71,86,109,144,149,158,162,170,188,197,206,213,214,218,255,278,279,280,286],"exec_time":0.00907384,"objective":2.59322}
