{"selected_orders":[16,274,286,285,284,283,282,281,280,279,278,277,276,275,288,273,272,271,270,269,268,267,266,265,264,263,262,300,312,311,310,309,308,307,306,305,304,303,302,301,287,299,298,297,296,295,294,293,292,291,290,289,260,222,234,233,232,231,230,229,228,227,226,225,224,223,235,221,220,219,218,217,216,215,214,213,212,211,210,248,314,259,258,257,256,255,254,253,252,251,250,249,261,247,246,245,244,243,242,241,240,239,238,237,236,378,390,389,388,387,386,385,384,383,382,381,380,379,391,377,376,375,374,373,372,371,370,369,368,367,366,404,416,415,414,413,412,411,410,409,408,407,406,405,365,403,402,401,400,399,398,397,396,395,394,393,392,326,338,337,336,335,334,333,332,331,330,329,328,327,339,325,324,323,322],"visited_aisles":[1,63,43,25,18,48,32,19,5,6,71,62,44,82,21,2,58,55,7,24,11,73,75,51,45,26,72,80,64,53,20,56,35,14,49,79,34,28,61,70,42,77,22,38,78,17,52,12,69,67,16,57,39,3,36,27,68],"exec_time":0.045339,"objective":3.07018}
