{"selected_orders":[46,31,32,33,34,35,36,37,38,39,40,41,42,43,45,30,47,48,49,50],"visited_aisles":[3,4,10,15,16,25,27,33,35,39,40,43,56,60,66,70,71,79,81,87,91,92,97,101],"exec_time":0.0251386,"objective":2.83333}
