{"selected_orders":[10,51,27,45,30,15,54,31,26,11,56,8,7,33,34,43,36,25,44,24,47,50,42,39,23,48,21,18],"visited_aisles":[3,4,6,10,12,15,16,17,27,29,33,35,43,49,66,68,70,71,79,82,91,92,95,97,101,103,105,112],"exec_time":0.0162816,"objective":2.35714}
