{"selected_orders":[11,29,55,40,10,17,58,66,52,57,45,15,62,41,19,30,60,6,21,51,68,53,0,5,47,2,64,42,27,18,69,49,59,44,34,37,7,14,46,3,43,13,54,4,23,8],"visited_aisles":[0,1,2,4,6,7,16,28,47,52,77,78,79,80,81,86,87,89,94,96,102,104,109,113,114,119,137,141,144,145,155,158,162,170,174,176,180,187,200,208,215,216,218,224,229,234,235,236,237,238,239,242,246,248,253,266,269,275,277,279,280,282,287,294,295,297,299],"exec_time":0.0370711,"objective":2.28358}
