{"selected_orders":[49,56,23,33,24,4,6,41,65,22,48,7,54,42,14,15,2,40,11,36,43,10,50,16,46,1,35,64,26,53,66,59,57,38,27,55,8,63,69,29,60,3,32,21,12,18],"visited_aisles":[262,49,87,77,287,70,159,229,237,16,114,197,88,89,180,32,78,124,80,239,192,249,169,65,165,277,2,0,136,280,258,133,86,201,200,1,162,73,94,174,150,148,81,187,278,273,47,234,242,33,222,263,219,5,61,144,145,295,279,282,137,299,240,213,232,191,182,176,208,14,102,53,52,40,4,119,216,294,255,155,158,93,109],"exec_time":0.0492112,"objective":1.84337}
