{"selected_orders":[29,51,60,59,58,57,56,55,54,53,52,61,49,48,47,46,45,44,43,42,71,81,80,79,78,77,76],"visited_aisles":[0,4,5,6,16,21,35,42,43,44,48,52,55,56,61,64,65,70,72,78,79,83,84,89,90,92,93,97,99,102,105,106,117],"exec_time":0.0155048,"objective":3.21212}
