{"selected_orders":[44,92,85,87,88,89,90,91,84,93,94,95,96,98,99,76,68,69,70,71,72,73,74,75,100,77,78,79,80,81,82,83,125,117,118,119,120,121,122,123,124,116,126,127,128,129,130,131,132],"visited_aisles":[181,143,104,144,101,31,317,331,227,102,142,230,63,60,299,28,124,21,198,287,81,283,253,138,215,214,205,290,54,69,62,84,274,123,241,237,151,190,206,204,30,234,217,286,225,160,271,201,245,249,3,49,188,186,238,127,165,174,168,166,161,233,194,38,44,282,43,289,29,115,45,107,337,270,275,224,78,90,100,112,121,200],"exec_time":0.0555278,"objective":2.14634}
