{"selected_orders":[11,8,5,2,10,6,7,1,0],"visited_aisles":[4,16,19,23,32,36,46,53,54,55,56,60,70,74,75,76,80,90],"exec_time":0.0112597,"objective":2.16667}
