{"selected_orders":[45,31,32,33,34,35,36,37,38,39,40,41,42,43,44,30,47,48,49,50,51],"visited_aisles":[6,25,97,15,58,39,71,72,87,79,95,67,60,40,33,66,101,16,65,91,10,70,81,83,3,27],"exec_time":0.0074842,"objective":2.61538}
