{"selected_orders":[3,0,1,2,4,5,6,7,8,9],"visited_aisles":[0,2,4,7,12,19,23,28,32,36,43,50,54,55,60,63,70,74,76,80,90],"exec_time":0.0129604,"objective":1.85714}
