{"selected_orders":[64,51,60,59,58,57,56,55,54,53,52,62,49,48,47,46,45,44,43,42,72,81,80,79,78,77,76],"visited_aisles":[43,51,70,89,61,93,4,21,47,79,5,11,16,39,40,42,60,84,6,17,27,44,48,50,52,58,65,67,72,78,83,102,105,108],"exec_time":0.00412384,"objective":3.08824}
