{"selected_orders":[44,14,2,42,12,85,77,94,122,93,91,109,114,6,7,120,95,29,27,119,17,19,107,83,125,41,53,8,88,24,23,55,130,76,82,43,67,89,10,54,117,70,100,5,123,80,13],"visited_aisles":[2,3,21,29,30,38,42,49,51,55,61,64,68,76,84,89,94,97,98,101,102,104,119,121,123,124,127,131,132,133,137,142,143,147,151,160,164,168,171,180,181,186,198,199,200,206,207,211,217,229,230,233,237,238,252,263,271,277,286,290,296,302,307,308,311,315,317,321,327,331],"exec_time":0.0215519,"objective":2.52857}
