{"selected_orders":[5,51,61,62,60,59,58,57,56,55,54,53,52,49,48,47,46,45,44,43,42,72,81,80,79,78,76],"visited_aisles":[43,51,70,89,61,93,21,47,60,79,5,16,26,39,40,42,83,84,4,6,17,27,44,48,50,52,58,65,67,72,78,102,105],"exec_time":0.00424215,"objective":3.21212}
