{"selected_orders":[0,7,15,2,13,3,1,9,8],"visited_aisles":[2,4,7,19,23,28,32,42,45,50,53,54,60,63,69,70,72,74,76,77,80,90],"exec_time":0.0162692,"objective":1.77273}
