{"selected_orders":[42,44,52,51,50,49,48,47,46,45,53,43,41,40,39,38,37,36,61,69,68,67,66,65,64,63,62,35,60,59,58,57],"visited_aisles":[4,8,16,24,31,41,47,52,53,70,77,78,79,86,88,89,90,100,102,109,113,114,123,124,133,136,137,144,148,149,150,158,159,160,162,170,182,188,192,197,209,215,216,218,235,236,242,249,255,258,269,273,275,279,280,286,295],"exec_time":0.026267,"objective":2.66667}
