{"selected_orders":[60,59,58,57,56,55,54,53,52,51,61,49,48,47,46,45,44,43,42,0,72,81,80,79,78,77],"visited_aisles":[43,16,70,51,102,80,24,92,61,21,93,60,58,99,94,44,79,66,55,5,72,39,67,65,52,56,123,116,83,4,98,97,87,42,112,26,6,105,48],"exec_time":0.0188591,"objective":2.69231}
