{"selected_orders":[9,0,1,2,3,4,5,6,7,8],"visited_aisles":[0,2,4,7,12,19,23,28,32,36,43,50,54,55,60,63,70,74,76,80,90],"exec_time":0.0162408,"objective":1.85714}
