{"selected_orders":[5,68,59,1,51,37,50,49,48,47,46,45,44,43,42,41,40,39,38,69,52,53,54,55,56,57,58,60,61,62,63,64,65,66],"visited_aisles":[87,269,77,197,123,167,32,277,80,100,136,16,24,70,78,89,114,146,258,273,4,8,10,47,53,88,113,124,133,140,150,159,218,242,1,13,18,21,44,61,71,86,102,109,144,149,155,158,160,162,170,188,206,213,214,216,255,278,279,280],"exec_time":0.00857975,"objective":2.53333}
