{"selected_orders":[29,20,21,63,23,24,45,26,42,28,19,30,31,60,58,40,36,37,39,18,2,4,0,7,8,48,10,11,13,46,15,16,64,47,41,49,50,52,51,56,57,32,27,62,14,12,6,3,1,55,53,65,69,34,44,22,54,33],"visited_aisles":[0,1,2,4,7,8,16,33,47,49,52,73,78,79,81,86,89,93,96,100,102,113,114,116,119,124,127,130,133,136,141,142,144,145,150,155,157,158,159,162,170,174,176,192,198,200,208,209,213,215,218,224,228,232,234,236,239,240,242,246,253,255,262,263,269,273,275,277,278,282,294,295,297,299],"exec_time":0.0263052,"objective":2.05405}
