{"selected_orders":[48,85,22,89,61,66,123,101,7,29,70,104,28,75,44,126,24,122,103],"visited_aisles":[101,252,181,104,143,31,250,331,187,227,230,132,98,291,310,297,49,19,92,102,323,283,8,277,207,23,287,145,82,198,309,162,239,208,26,237,271,301,286,2,269,290,152,3,131,9,138,224,200,160,296,90],"exec_time":0.0351807,"objective":3.40385}
