{"selected_orders":[29,64,61,59,11,6,42,30,18,71,43,9,75,52,16,36,5,72,54,44,67,80,33,17,45,38,76],"visited_aisles":[0,5,6,16,23,26,28,42,43,52,58,60,66,70,71,78,79,83,84,87,90,91,93,100,102,103,108,110,111],"exec_time":0.0206304,"objective":3.65517}
