{"selected_orders":[11,8,5,2,10,6,7,1,0],"visited_aisles":[19,23,70,16,75,32,48,54,55,58,0,4,9,29,46,76,80,90],"exec_time":0.000763518,"objective":2.16667}
