{"selected_orders":[5,68,59,1,51,37,50,49,48,47,46,45,44,43,42,41,40,39,38,69,52,53,54,55,56,57,58,60,61,62,63,64,65,66],"visited_aisles":[87,159,229,16,262,269,88,77,197,70,216,280,167,124,136,89,32,277,24,114,183,80,47,111,78,274,258,237,100,169,160,18,133,236,238,86,113,79,242,140,8,162,278,155,137,61,273,182,144,213,170,163,149,150,53,295,10,4,255,102,275,279,109,1,188,158],"exec_time":0.0495565,"objective":2.30303}
