{"selected_orders":[0,7,15,2,13,3,1,9,8],"visited_aisles":[70,2,19,28,74,0,32,45,50,54,4,7,13,22,23,29,30,69,76,77,80,90],"exec_time":0.000861492,"objective":1.77273}
