{"selected_orders":[45,31,32,33,34,35,36,37,38,39,40,41,42,43,44,30,47,48,49,50,51],"visited_aisles":[3,4,10,15,16,17,25,27,33,35,39,56,60,66,68,70,71,79,81,87,91,95,97,101],"exec_time":0.0210512,"objective":2.83333}
