{"selected_orders":[44,14,2,42,12,38,49,21,26,3,57,60,40,0,6,7,46],"visited_aisles":[15,25,30,39,43,47,52,53,54,71,81,83,87,88,90,95,97,99,114],"exec_time":0.0221068,"objective":3.57895}
