{"selected_orders":[65,83,120,87,70,54,103,101,33,57,44,32,17,100,0,9,97,126,109,71,74,34,31,118,15,39,18,69,5,58,60,42,41,55,131,81,20,61,6,66,94,67,95,49,99,24,21,56,84],"visited_aisles":[3,11,19,21,29,31,41,51,55,57,60,61,63,64,76,81,84,90,92,97,101,102,123,124,127,129,131,133,139,142,143,144,145,160,161,169,174,186,196,198,199,200,201,202,203,207,218,224,230,234,237,238,249,250,252,253,262,267,269,271,277,283,286,287,291,299,300,303,304,308,310,315,316,321,331,337,341],"exec_time":0.0263557,"objective":2.28571}
