{"selected_orders":[3,10,8,5,11,6,12,7],"visited_aisles":[0,2,16,19,23,27,28,32,36,39,46,54,55,56,74,80,90],"exec_time":0.0149296,"objective":2.29412}
