{"selected_orders":[78,60,59,58,57,56,55,54,53,52,51,62,49,48,47,46,45,44,43,42,71,81,80,79,77,76,75],"visited_aisles":[70,51,89,56,61,90,43,93,4,21,60,78,79,5,16,39,42,47,67,84,6,9,17,27,44,48,50,52,58,65,72,83,102,105],"exec_time":0.00455326,"objective":3.08824}
