{"selected_orders":[46,31,32,33,34,35,36,37,38,39,40,41,42,43,44,45,30,47,48,49],"visited_aisles":[4,10,15,16,25,27,33,35,39,43,56,60,66,71,78,79,81,87,91,95,97,101],"exec_time":0.019291,"objective":3.09091}
