{"selected_orders":[46,65,119,35,5,68,43,72,122,15,42,52,1,74,93,53,37,123,16,73,82,47,17,81,109,91,114,107,25,78,75,26,105,27,60,28,61,98,8,116,29,127,0,95,113,7,110,45,130,40,106,87],"visited_aisles":[98,230,227,187,310,205,31,218,102,297,286,274,28,323,142,84,53,40,41,296,30,291,29,290,2,76,237,164,83,287,248,228,110,60,61,62,277,69,215,302,317,26,331,175,137,104,180,168,201,225,145,118,146,261,14,271,324,42,253,35,238,254,304,217,300,115,21,38,63,112,107,93,151,5,167,252,308,307,211,119,234],"exec_time":0.0673468,"objective":2.17284}
