{"selected_orders":[42,51,50,49,48,47,46,45,43,52,41,40,39,38,37,36,0,60,69,68,67,66,65,64,63,62,35,59,58,57,56,55,54,53,9],"visited_aisles":[1,4,16,24,31,41,47,50,52,53,77,78,79,86,88,89,100,102,109,113,114,123,124,133,136,137,141,144,148,150,155,158,159,160,162,170,180,182,209,213,216,218,235,236,237,242,249,255,258,269,273,275,278,279,280,286,287,295],"exec_time":0.0201986,"objective":2.62069}
