{"selected_orders":[46,31,32,33,34,35,36,37,38,39,40,41,42,43,44,45,30,47,48,49],"visited_aisles":[6,97,25,39,72,87,15,71,79,1,16,33,66,91,4,10,12,17,27,43,45,81,101],"exec_time":0.0050707,"objective":2.95652}
