{"selected_orders":[1,4,5,6,13,2,3,7,15,0,14],"visited_aisles":[1,2,4,10,12,19,20,28,36,38,42,54,55,67,69,70,72,76,77,80,84],"exec_time":0.0127566,"objective":1.71429}
