{"selected_orders":[46,92,85,87,88,89,90,91,84,93,94,95,96,98,99,76,68,69,70,71,72,73,74,75,100,77,78,79,80,81,82,83,125,117,118,119,120,121,122,123,124,116,126,127,128,129,130,131,132,115,114],"visited_aisles":[181,31,227,28,331,204,23,124,283,49,60,201,207,214,245,249,253,271,5,44,63,86,101,107,127,160,206,237,262,282,286,290,299,0,4,6,12,16,17,19,29,38,43,45,56,57,62,66,78,79,84,90,97,100,102,103,104,112,115,119,121,123,138,143,151,152,161,165,194,224,225,234,238,261,270,275,317,337],"exec_time":0.0174752,"objective":2.26923}
