{"selected_orders":[10,19,50,12,38,59,37,53,27,33,16,51,40,13,31,48,30,25,11],"visited_aisles":[99,15,25,52,101,43,82,97,24,29,66,88,3,6,10,11,16,17,27,70,80,91,92,103],"exec_time":0.00191446,"objective":2.83333}
