{"selected_orders":[92,84,85,87,88,89,90,91,83,93,94,95,96,98,99,75,67,68,69,70,71,72,73,74,100,76,77,78,79,80,81,82,125,117,118,119,120,121,122,123,124,116,126,127,128,129,130,131,132,115,114],"visited_aisles":[18,21,29,31,38,49,54,60,61,62,63,69,84,90,97,100,102,104,107,112,115,119,121,123,124,127,142,143,144,151,165,168,174,180,181,186,194,198,199,201,206,209,224,225,227,228,233,237,238,240,245,249,253,262,267,271,275,283,286,287,289,290,293,299,300,302,305,308,317,322,330,331,333,337],"exec_time":0.0289165,"objective":2.39189}
