{"selected_orders":[61,60,59,58,57,55,54,53,52,51,62,49,48,47,46,45,44,43,42,0,72,81,80,79,78,77,70],"visited_aisles":[43,16,70,102,51,80,24,92,93,21,60,61,99,55,58,65,100,44,39,47,52,123,113,67,72,83,5,4,116,40,78,97,42,84,105,6,35,48],"exec_time":0.0172162,"objective":2.78947}
