{"selected_orders":[11,56,61,62,60,59,58,57,55,54,53,52,51,49,48,47,46,45,44,43,42,72,81,80,79,78,70],"visited_aisles":[43,16,70,51,102,24,61,80,91,92,93,99,21,66,100,58,55,44,39,52,56,123,65,113,5,72,83,98,87,106,42,103,84,6,35,48,105],"exec_time":0.0131038,"objective":2.86486}
