{"selected_orders":[29,51,60,59,58,57,56,55,54,53,52,61,49,48,47,46,45,44,43,42,71,81,80,79,78,77,76],"visited_aisles":[70,51,89,56,61,43,90,93,4,78,79,113,16,39,42,47,67,83,84,5,6,9,17,21,26,27,44,48,50,52,58,60,65,72,102,105],"exec_time":0.00492251,"objective":2.94444}
