{"selected_orders":[51,61,60,59,58,57,56,55,54,53,52,62,48,47,46,45,44,43,42,0,72,81,80,79,78,77],"visited_aisles":[43,51,70,89,61,93,4,21,47,65,5,13,16,42,58,79,83,106,6,17,26,27,39,44,48,50,52,60,72,78,84,102,105,116],"exec_time":0.00494332,"objective":3.08824}
