{"selected_orders":[0,2,3,4,5,6,7,8,9,13],"visited_aisles":[0,2,4,7,12,19,23,28,32,36,45,50,54,55,60,63,69,70,74,76,77,80,90],"exec_time":0.0206039,"objective":1.69565}
