{"selected_orders":[0,51,52,50,49,48,47,46,45,44,43,42,41,40,39,38,37,36,61,69,68,67,66,65,64,63,62,35,60,59,58,57,56],"visited_aisles":[4,8,16,24,31,41,47,52,53,70,77,78,79,86,88,89,90,100,109,113,114,123,124,133,136,141,144,148,149,150,158,159,160,162,170,182,188,192,197,209,213,215,216,235,236,238,242,249,255,258,269,273,275,278,279,280,285,286],"exec_time":0.0254554,"objective":2.63793}
