{"selected_orders":[43,51,50,49,48,47,46,45,44,52,42,41,40,39,38,37,36,0,60,69,68,67,66,65,63,62,61,35,59,58,57,56,8],"visited_aisles":[87,159,229,123,70,16,124,77,24,197,88,216,280,286,125,69,160,277,114,32,136,258,90,47,183,269,52,126,89,274,111,249,80,205,61,140,86,79,133,113,5,8,236,100,238,144,31,278,162,273,242,148,182,170,163,150,149,141,213,78,255,53,4,275,279,215,208,188,109,158],"exec_time":0.0479581,"objective":2.18571}
