{"selected_orders":[44,12,47,32,33,34,35,36,37,38,39,40,41,42,43,45,46,30,48,50],"visited_aisles":[3,4,10,15,16,25,33,35,43,56,60,66,69,70,71,78,79,87,88,90,91,95,97,101],"exec_time":0.0280223,"objective":2.79167}
