{"selected_orders":[72,106,21,60,109,4,115,126,91,105,73,121,84,43,32,77,16,41,90,113,37,80,26,104,102,42,65,89,74,111,71,110,39,58,78,66,15,2,69,6,114,10,33,8,17,28,132,56,95,100,1,14,125],"visited_aisles":[143,60,16,303,119,297,19,49,53,101,165,217,283,30,40,41,47,84,146,162,174,277,309,330,57,76,107,164,186,199,225,234,317,0,2,4,6,14,18,21,29,31,38,55,62,64,68,74,79,81,82,85,89,90,92,98,102,109,124,133,160,171,181,218,219,224,226,227,229,238,253,270,271,304,307,327],"exec_time":0.0188801,"objective":2.32895}
