{"selected_orders":[29,64,61,59,11,6,42,30,18,71,43,9,75,52,16,36,5,72,54,44,67,80,33,17,45,38,76],"visited_aisles":[16,70,43,102,0,51,90,56,100,91,80,78,60,83,39,79,28,5,87,97,2,108,66,58,29,23,42,84,93,111,26,110,52,6],"exec_time":0.0318715,"objective":3.11765}
