{"selected_orders":[65,83,120,87,70,54,103,101,33,57,44,32,17,100,0,9,97,126,109,71,74,34,31,118,15,39,18,69,5,58,60,42,41,55,131,81,20,61,6,66,94,67,95,49,99,24,21,56,84],"visited_aisles":[31,250,101,60,3,41,331,19,80,144,283,286,21,123,145,238,253,290,296,81,160,169,174,198,234,269,271,315,9,10,11,14,29,30,40,45,47,55,56,57,61,63,64,68,74,76,82,84,90,102,109,124,127,129,131,133,139,142,143,146,170,193,196,199,200,201,218,219,224,237,252,262,270,277,287,291,304,310,337],"exec_time":0.0169157,"objective":2.22785}
