{"selected_orders":[46,31,32,33,34,35,36,37,38,39,40,41,42,43,44,45,30,47,48,49],"visited_aisles":[25,97,6,43,15,71,72,39,58,87,95,60,67,79,66,33,1,16,101,91,10,81,83,27],"exec_time":0.00758636,"objective":2.83333}
