{"selected_orders":[46,65,119,35,5,68,43,72,122,15,42,52,1,74,93,53,37,123,16,73,82,47,17,81,109,91,114,107,25,78,75,26,105,27,60,28,61,98,8,116,29,127,0,95,113,7,110,45,130,40,106,87],"visited_aisles":[2,5,9,14,21,26,29,30,31,37,38,40,42,45,46,53,60,61,62,63,68,76,84,93,98,107,112,115,119,137,142,145,146,149,151,164,168,175,180,187,201,211,217,225,227,228,230,234,237,238,252,253,271,277,286,290,291,295,296,297,302,304,307,310,317,319,324,331,333],"exec_time":0.0275775,"objective":2.55072}
