{"selected_orders":[43,52,51,50,48,47,46,45,44,53,42,41,40,39,38,37,36,0,61,69,68,67,66,65,64,63,62,35,60,59,58,57,16],"visited_aisles":[87,159,229,123,124,70,16,24,197,77,216,125,280,88,286,196,160,69,32,258,90,136,47,269,89,52,274,249,80,169,111,277,114,205,78,79,133,137,31,186,193,8,86,295,236,238,100,61,113,273,148,144,140,149,163,182,170,150,141,255,53,240,242,4,279,275,215,102,109,188,158],"exec_time":0.0571955,"objective":2.15493}
