{"selected_orders":[7,47,32,33,34,35,36,37,38,39,40,41,42,43,44,45,46,30,48,49],"visited_aisles":[6,97,58,25,87,15,71,72,79,16,33,39,66,91,1,4,10,12,43,45,81,101],"exec_time":0.00634824,"objective":3.09091}
