{"selected_orders":[11,29,55,40,10,17,58,66,52,57,45,15,62,41,19,30,60,6,21,51,68,53,0,5,47,2,64,42,27,18,69,49,59,44,34,37,7,14,46,3,43,13,54,4,23,8],"visited_aisles":[269,77,87,262,229,274,80,287,114,280,16,235,277,167,237,197,32,136,201,248,37,94,47,236,79,78,216,0,144,169,2,208,137,124,198,113,161,187,172,174,218,13,242,238,234,239,222,224,227,162,279,282,155,145,141,299,1,176,191,246,182,200,170,264,52,81,86,102,10,119,7,294,275,104,158,109],"exec_time":0.0432471,"objective":2.01316}
