{"selected_orders":[9,10,2,12,11,4,6,1],"visited_aisles":[2,23,39,16,90,4,27,28,50,54,7,9,11,12,13,18,46,48,70],"exec_time":0.000716611,"objective":2.05263}
