{"selected_orders":[9,10,2,12,11,4,6,1],"visited_aisles":[2,4,7,12,16,23,27,28,36,39,45,46,50,54,56,59,63,70,90],"exec_time":0.0123963,"objective":2.05263}
