{"selected_orders":[22,46,32,33,34,35,36,37,38,39,40,41,42,43,44,45,30,47,48,50],"visited_aisles":[3,4,10,15,16,25,33,35,38,43,56,60,66,69,70,71,79,87,91,92,95,97,101],"exec_time":0.028537,"objective":2.95652}
