{"selected_orders":[5,92,84,85,87,88,89,90,91,83,93,94,95,96,98,99,101,82,81,80,79,78,77,76,75,74,73,72,71,70,69,68,125,117,118,119,120,121,122,123,124,116,126,127,128,129,130,131],"visited_aisles":[12,18,21,29,31,38,49,54,60,62,63,69,84,90,97,100,104,107,112,115,121,123,124,127,143,144,145,151,165,168,174,180,181,186,194,198,199,201,206,209,224,225,227,228,233,237,238,245,249,253,262,267,271,275,283,286,287,289,290,299,300,302,305,315,317,331,333,337],"exec_time":0.0245653,"objective":2.60294}
