{"selected_orders":[14,91,84,85,87,88,89,90,83,92,93,94,95,96,98,99,101,82,81,80,79,78,77,76,75,74,73,72,71,70,69,68,125,117,118,119,120,121,122,123,124,116,126,127,128,129],"visited_aisles":[18,21,29,31,38,43,49,54,60,62,63,69,81,84,86,90,97,98,100,104,107,112,115,121,123,124,127,143,144,145,165,168,181,186,194,198,199,201,206,209,224,225,227,228,233,237,238,240,249,253,259,267,271,275,283,286,287,289,290,299,300,302,305,317,331,333,337],"exec_time":0.0238532,"objective":2.62687}
