{"selected_orders":[29,20,21,63,23,24,45,26,42,28,19,30,31,60,58,40,36,37,39,18,2,4,0,7,8,48,10,11,13,46,15,16,64,47,41,49,50,52,51,56,57,32,27,62,14,12,6,3,1,55,53,65,69,34,44,22,54,33],"visited_aisles":[2,78,136,237,0,274,169,248,287,89,262,65,49,201,47,5,236,258,257,77,187,186,81,239,94,193,61,114,13,100,155,144,277,124,234,167,162,263,86,140,137,133,242,246,145,159,120,119,113,238,102,295,224,222,33,200,208,299,8,4,1,176,232,273,174,278,170,141,150,213,191,227,240,282,16,14,255,294,215,275,79,69,52,93,7,158],"exec_time":0.0755616,"objective":1.76744}
