{"selected_orders":[51,61,60,59,58,57,56,55,54,53,52,62,49,48,47,46,45,44,43,42,0,72,81,80,79,78,76],"visited_aisles":[43,51,89,61,70,93,21,47,65,79,5,16,39,40,42,58,83,84,99,6,17,26,27,44,48,50,52,67,72,78,102,105,116],"exec_time":0.00475138,"objective":3.21212}
