{"selected_orders":[65,83,120,140,135,296,319,152,33,199,44,32,275,100,133,321,219,126,109,297,74,271,269,171,208,39,279,215,5,411,143,302,258,55,131,325,20,167,190,305,221,67,95,339,99,407,318,56,189,303,84,63,110,86,365,403,1,380,379,144,159,283,234,179,161,368,375,187,277,114,89,80,390,231,205,12,145,141,170,382,415,93,254,248,188,363,243,104,68,276,336,392,73,85,251,166,200,176,13,245,327,175,157,165,401,82,158,193,217,107,112,148,222,218,313,315,298,128,136,98,266,288,204,197,387,226,22,185,404,35,169,3,377,209,369,70,125,34,88,41,264,38,132,60,246,253,198,18,399,289,111,117,178,389,378,388,304,25,265,366,310,416,151,306,90,163,149,405,345,123,75,409,52,397,15],"visited_aisles":[43,11,44,6,63,79,18,71,1,62,24,19,32,55,5,49,48,2,7,73,20,72,40,35,51,82,34,14,25,58,13,26,39,28,75,80,60,16,70,9,42,47,10,78,3,38,8,67,50],"exec_time":0.0342861,"objective":3.57143}
