{"selected_orders":[49,56,23,33,24,4,6,41,65,22,72,7,54,42,14,76,2,40,73,77,43,10,16,46,1,64,26,78],"visited_aisles":[4,5,7,9,16,17,23,25,42,44,48,51,52,58,60,61,66,67,68,70,79,83,84,93,98,102,107,108,109,111,117],"exec_time":0.0186728,"objective":3.41935}
