{"selected_orders":[76,60,59,58,57,56,55,54,53,52,51,62,49,48,47,46,45,44,43,42,71,81,80,79,78,77,75],"visited_aisles":[70,51,24,80,43,102,92,0,90,16,99,61,56,60,21,93,39,66,86,79,78,52,97,58,67,44,55,72,113,4,40,5,65,83,84,42,48,105,6],"exec_time":0.0147448,"objective":2.69231}
