{"selected_orders":[5,0,3,1,15,12,6,14,7,13,4],"visited_aisles":[54,39,2,19,27,28,0,12,9,10,14,20,22,29,30,38,67,69,70,76,77,80],"exec_time":0.000989894,"objective":1.77273}
