{"selected_orders":[99,54,94,51,49,96,47,46,98,55,100,42,41,40,103,37,35,36,57,91,87,84,83,82,63,64,78,67,68,77,74,73,72,20,8,9,10,127,12,13,125,124,16,17,33,6,120,5,118,23,116,32,26,27,21,114,113,130,109,107,131,128,132,129,93,79,92,121,95,115,102,1,105,71,56,15,25,11,60],"visited_aisles":[237,262,303,41,30,204,124,286,290,218,253,16,215,83,296,31,98,258,329,190,186,275,335,130,3,267,60,249,78,228,86,214,210,198,101,180,160,299,321,317,15,40,23,305,0,217,225,166,84,302,206,337,330,188,107,179,151,53,136,261,35,61,63,250,68,49,69,132,238,300,29,76,146,174,170,307,271,201,194,127,102,100,64,55,5,138,149,150,57,62,227,334,112,196,38,270,289,115,119,89,133],"exec_time":0.0734617,"objective":1.74257}
