algo_id,run_id,status,objective,items,aisles,exec_time
sa,2,feasible,7.745833333333334,1859,240,60.124
sa,1,feasible,8.772532188841202,2044,233,60.141
sa,3,feasible,7.804545454545455,1717,220,60.237
sa,4,feasible,7.928853754940712,2006,253,60.471
sa,5,feasible,7.895752895752896,2045,259,60.223
