algo_id,run_id,status,objective,items,aisles,exec_time
sa,2,feasible,51.689655172413794,1499,29,60.18
sa,1,feasible,46.88135593220339,2766,59,60.378
sa,3,feasible,51.22727272727273,2254,44,60.222
sa,5,feasible,54.63157894736842,2076,38,60.332
sa,4,feasible,38.37837837837838,2840,74,60.383
