algo_id,run_id,status,objective,items,aisles,exec_time
aisle_first,1,feasible,567.6363636363636,6244,11,0.876
aisle_first,2,feasible,567.6363636363636,6244,11,0.682
aisle_first,4,feasible,567.6363636363636,6244,11,0.905
aisle_first,3,feasible,567.6363636363636,6244,11,1.032
aisle_first,5,feasible,567.6363636363636,6244,11,1.073
