algo_id,run_id,status,objective,items,aisles,exec_time
aisle_first,1,feasible,161.66666666666666,2425,15,0.991
aisle_first,3,feasible,161.66666666666666,2425,15,0.609
aisle_first,2,feasible,161.66666666666666,2425,15,0.917
aisle_first,5,feasible,161.66666666666666,2425,15,0.622
aisle_first,4,feasible,161.66666666666666,2425,15,0.798
