algo_id,run_id,status,objective,items,aisles,exec_time
aisle_first,3,feasible,81.07142857142857,1135,14,0.461
aisle_first,4,feasible,81.07142857142857,1135,14,0.696
aisle_first,2,feasible,81.07142857142857,1135,14,0.7
aisle_first,1,feasible,81.07142857142857,1135,14,0.654
aisle_first,5,feasible,81.07142857142857,1135,14,0.881
