algo_id,run_id,status,objective,items,aisles,exec_time
aisle_first,2,feasible,751.2222222222222,6761,9,1.131
aisle_first,3,feasible,751.2222222222222,6761,9,1.321
aisle_first,1,feasible,751.2222222222222,6761,9,1.689
aisle_first,4,feasible,751.2222222222222,6761,9,1.112
aisle_first,5,feasible,751.2222222222222,6761,9,1.846
