algo_id,run_id,status,objective,items,aisles,exec_time
ils_600,2,feasible,166.14285714285714,2326,14,602.21
ils_600,1,feasible,166.14285714285714,2326,14,602.15
ils_600,4,feasible,166.07142857142858,2325,14,601.36
ils_600,5,feasible,163.2,2448,15,601.715
ils_600,3,feasible,163.33333333333334,2450,15,602.002
