algo_id,run_id,status,objective,items,aisles,exec_time
ils_600,1,feasible,16.96808510638298,1595,94,601.334
ils_600,5,feasible,17.085106382978722,1606,94,601.887
ils_600,3,feasible,16.96078431372549,1730,102,602.123
ils_600,4,feasible,16.9126213592233,1742,103,602.132
ils_600,2,feasible,17.068627450980394,1741,102,602.121
