algo_id,run_id,status,objective,items,aisles,exec_time
ils_60,1,feasible,114.61538461538461,1490,13,61.004
ils_60,2,feasible,115.07692307692308,1496,13,61.474
ils_60,3,feasible,112.78571428571429,1579,14,61.743
ils_60,4,feasible,114.6923076923077,1491,13,61.514
ils_60,5,feasible,114.92307692307692,1494,13,61.726
